site,density,cv,df,lcl,ucl,species,gps_id,block_type,block,type,point,year,x,y,count,detect,offset,ndvi_270m2,use
764-2,0,0,0,0,0,BRSP,764-2-1,764-2,764,2,1,2006,441373.5,863874.1,0,0.3421019,1.072647,0.0430206,0
165-2,0,0,0,0,0,BRSP,165-2-1,165-2,165,2,1,2005,504541.3,1162709,0,0.3421019,1.072647,0.0735532,0
191-2,0,0,0,0,0,BRSP,191-2-1,191-2,191,2,1,2005,631617.6,950937.2,0,0.3421019,1.072647,0.1005327,0
137-1,0,0,0,0,0,BRSP,137-1-1,137-1,137,1,1,2005,558450,956607.5,0,0.3421019,1.072647,0.1111876,0
594-0,0,0,0,0,0,BRSP,594-0-1,594-0,594,0,1,2005,338947.1,962908.2,0,0.3421019,1.072647,0.0893807,0
93-2,0,0,0,0,0,BRSP,93-2-1,93-2,93,2,1,2005,622257.9,942747.2,0,0.3421019,1.072647,0.0583474,0
831-0,0,0,0,0,0,BRSP,831-0-1,831-0,831,0,1,2006,497981,1190666,0,0.3421019,1.072647,0.0976025,0
837-0,0,0,0,0,0,BRSP,837-0-1,837-0,837,0,1,2006,493841.3,1118756,0,0.3421019,1.072647,0.0819144,0
706-2,0,0,0,0,0,BRSP,706-2-1,706-2,706,2,1,2006,379275.1,1126136,0,0.3421019,1.072647,0.2730961,0
849-0,0,0,0,0,0,BRSP,849-0-1,849-0,849,0,1,2006,478182.1,967104.9,0,0.3421019,1.072647,0.0705912,0
769-2,0,0,0,0,0,BRSP,769-2-1,769-2,769,2,1,2006,362626.1,813203.8,0,0.3421019,1.072647,0.0300842,0
861-0,0,0,0,0,0,BRSP,861-0-1,861-0,861,0,1,2006,378015.1,1139006,0,0.3421019,1.072647,0.2032765,0
976-0,0,0,0,0,0,BRSP,976-0-1,976-0,976,0,1,2006,366315.6,1061696,0,0.3421019,1.072647,0.0737405,0
536-0,0,0,0,0,0,BRSP,536-0-1,536-0,536,0,1,2005,551790.2,952017.5,0,0.3421019,1.072647,0.0636255,0
45-1,0,0,0,0,0,BRSP,45-1-1,45-1,45,1,1,2005,359466.6,857967.3,0,0.3421019,1.072647,0.054337,0
719-1,0,0,0,0,0,BRSP,719-1-1,719-1,719,1,1,2006,366315.6,1067906,0,0.3421019,1.072647,0.0889686,0
483-0,0,0,0,0,0,BRSP,483-0-1,483-0,483,0,1,2005,638007.4,949137.2,0,0.3421019,1.072647,0.0701339,0
487-0,0,0,0,0,0,BRSP,487-0-1,487-0,487,0,1,2005,630717.7,937077.1,0,0.3421019,1.072647,0.0687703,0
217-1,0,0,0,0,0,BRSP,217-1-1,217-1,217,1,1,2005,478532.5,997558.1,0,0.3421019,1.072647,0.0397935,0
927-0,0,0,0,0,0,BRSP,927-0-1,927-0,927,0,1,2006,361006.1,799343.7,0,0.3421019,1.072647,0.0479461,0
711-2,0,0,0,0,0,BRSP,711-2-1,711-2,711,2,1,2006,447762.8,1104176,0,0.3421019,1.072647,0.046225,0
955-0,0,0,0,0,0,BRSP,955-0-1,955-0,955,0,1,2005,514991.1,881874.1,0,0.3421019,1.072647,0.073928,0
903-0,0,0,0,0,0,BRSP,903-0-1,903-0,903,0,1,2006,589058.6,933624.3,0,0.3421019,1.072647,0.0647616,0
770-1,0,0,0,0,0,BRSP,770-1-1,770-1,770,1,1,2006,363706,809603.8,0,0.3421019,1.072647,0.0337799,0
817-0,0,0,0,0,0,BRSP,817-0-1,817-0,817,0,1,2006,441553,1108676,0,0.3421019,1.072647,0.0519525,0
165-1,0,0,0,0,0,BRSP,165-1-1,165-1,165,1,1,2005,505351.3,1162709,0,0.3421019,1.072647,0.0786898,0
894-0,0,0,0,0,0,BRSP,894-0-1,894-0,894,0,1,2006,366135.6,1071686,0,0.3421019,1.072647,0.0602786,0
730-2,0,0,0,0,0,BRSP,730-2-1,730-2,730,2,1,2006,490601.7,964314.9,0,0.3421019,1.072647,0.0556309,0
773-1,0,0,0,0,0,BRSP,773-1-1,773-1,773,1,1,2006,357046.3,806453.8,0,0.3421019,1.072647,0.0542569,0
706-1,0,0,0,0,0,BRSP,706-1-1,706-1,706,1,1,2006,378555.1,1126676,0,0.3421019,1.072647,0.2178313,0
443-0,0,0,0,0,0,BRSP,443-0-1,443-0,443,0,1,2005,442533.8,941937.8,0,0.3421019,1.072647,0.0934464,0
247-2,0,0,0,0,0,BRSP,247-2-1,247-2,247,2,1,2005,272259.2,1037339,0,0.3421019,1.072647,0.5791728,0
83-2,0,0,0,0,0,BRSP,83-2-1,83-2,83,2,1,2005,510841,1194479,0,0.3421019,1.072647,0.2131891,0
710-1,0,0,0,0,0,BRSP,710-1-1,710-1,710,1,1,2006,440653,1106966,0,0.3421019,1.072647,0.0805385,0
583-0,0,0,0,0,0,BRSP,583-0-1,583-0,583,0,1,2005,260739.5,1052099,0,0.3421019,1.072647,0.3756844,0
139-1,0,0,0,0,0,BRSP,139-1-1,139-1,139,1,1,2005,555930.1,952737.5,0,0.3421019,1.072647,0.0686802,0
891-0,0,0,0,0,0,BRSP,891-0-1,891-0,891,0,1,2006,462163,789533.3,0,0.3421019,1.072647,0.0623276,0
169-2,0,0,0,0,0,BRSP,169-2-1,169-2,169,2,1,2005,560070.3,837356.4,0,0.3421019,1.072647,0.198025,0
77-2,0,0,0,0,0,BRSP,77-2-1,77-2,77,2,1,2005,675176.4,887036.5,0,0.3421019,1.072647,0.1324712,0
458-0,0,0,0,0,0,BRSP,458-0-1,458-0,458,0,1,2005,518491,1096379,0,0.3421019,1.072647,0.0953531,0
99-1,0,0,0,0,0,BRSP,99-1-1,99-1,99,1,1,2005,467282.8,1001698,0,0.3421019,1.072647,0.0490853,0
717-1,0,0,0,0,0,BRSP,717-1-1,717-1,717,1,1,2006,361455.7,1074476,0,0.3421019,1.072647,0.1102698,0
702-1,0,0,0,0,0,BRSP,702-1-1,702-1,702,1,1,2006,491411.2,1182746,0,0.3421019,1.072647,0.0754354,0
701-1,0,0,0,0,0,BRSP,701-1-1,701-1,701,1,1,2006,508510.6,1193096,0,0.3421019,1.072647,0.2409455,0
829-0,0,0,0,0,0,BRSP,829-0-1,829-0,829,0,1,2006,466392.5,950634.8,0,0.3421019,1.072647,0.0787869,0
465-0,0,0,0,0,0,BRSP,465-0-1,465-0,465,0,1,2005,490952.3,921147.4,0,0.3421019,1.072647,0.0647616,0
604-0,0,0,0,0,0,BRSP,604-0-1,604-0,604,0,1,2005,512641.1,1153529,0,0.3421019,1.072647,0.2183141,0
747-1,0,0,0,0,0,BRSP,747-1-1,747-1,747,1,1,2006,610387.9,899333.9,0,0.3421019,1.072647,0.0586807,0
722-1,0,0,0,0,0,BRSP,722-1-1,722-1,722,1,1,2006,298546.4,1021558,0,0.3421019,1.072647,0.4638087,0
754-1,0,0,0,0,0,BRSP,754-1-1,754-1,754,1,1,2006,513731.1,880254.1,0,0.3421019,1.072647,0.0651128,0
258-1,0,0,0,0,0,BRSP,258-1-1,258-1,258,1,1,2005,512551,1191059,0,0.3421019,1.072647,0.2139858,0
866-0,0,0,0,0,0,BRSP,866-0-1,866-0,866,0,1,2006,362176.1,800783.7,0,0.3421019,1.072647,0.0525042,0
580-0,0,0,0,0,0,BRSP,580-0-1,580-0,580,0,1,2005,369456.3,822416.9,0,0.3421019,1.072647,0.0200857,0
774-2,0,0,0,0,0,BRSP,774-2-1,774-2,774,2,1,2006,627847.7,806542.9,0,0.3421019,1.072647,0.4151354,0
710-2,0,0,0,0,0,BRSP,710-2-1,710-2,710,2,1,2006,439393.1,1108226,0,0.3421019,1.072647,0.0761948,0
863-0,0,0,0,0,0,BRSP,863-0-1,863-0,863,0,1,2006,289818.2,917965,0,0.3421019,1.072647,0.1265154,0
730-1,0,0,0,0,0,BRSP,730-1-1,730-1,730,1,1,2006,488171.8,962154.9,0,0.3421019,1.072647,0.0508579,0
857-0,0,0,0,0,0,BRSP,857-0-1,857-0,857,0,1,2006,533260.5,868553.9,0,0.3421019,1.072647,0.0763853,0
456-0,0,0,0,0,0,BRSP,456-0-1,456-0,456,0,1,2005,529470.6,1099889,0,0.3421019,1.072647,0.0809306,0
93-1,0,0,0,0,0,BRSP,93-1-1,93-1,93,1,1,2005,623967.9,940587.1,0,0.3421019,1.072647,0.0749626,0
454-0,0,0,0,0,0,BRSP,454-0-1,454-0,454,0,1,2005,461522.8,1101059,0,0.3421019,1.072647,0.0713259,0
139-2,0,0,0,0,0,BRSP,139-2-1,139-2,139,2,1,2005,557730,952467.5,0,0.3421019,1.072647,0.0745853,0
702-2,0,0,0,0,0,BRSP,702-2-1,702-2,702,2,1,2006,490331.3,1182206,0,0.3421019,1.072647,0.0451928,0
77-1,0,0,0,0,0,BRSP,77-1-1,77-1,77,1,1,2005,675086.4,886136.5,0,0.3421019,1.072647,0.1195016,0
141-2,0,0,0,0,0,BRSP,141-2-1,141-2,141,2,1,2005,484471.9,1205099,0,0.3421019,1.072647,0.0761948,0
427-0,0,0,0,0,0,BRSP,427-0-1,427-0,427,0,1,2005,513991,1160909,0,0.3421019,1.072647,0.0825074,0
497-0,0,0,0,0,0,BRSP,497-0-1,497-0,497,0,1,2005,356046.7,860307.3,0,0.3421019,1.072647,0.0684995,0
711-1,0,0,0,0,0,BRSP,711-1-1,711-1,711,1,1,2006,447492.8,1103546,0,0.3421019,1.072647,0.0549012,0
709-1,0,0,0,0,0,BRSP,709-1-1,709-1,709,1,1,2006,492941.3,1116956,0,0.3421019,1.072647,0.0804409,0
833-0,0,0,0,0,0,BRSP,833-0-1,833-0,833,0,1,2006,403214.6,883854.4,0,0.3421019,1.072647,0.07105,0
141-1,0,0,0,0,0,BRSP,141-1-1,141-1,141,1,1,2005,484921.9,1204199,0,0.3421019,1.072647,0.0789801,0
250-2,0,0,0,0,0,BRSP,250-2-1,250-2,250,2,1,2005,571679.6,946527.4,0,0.3421019,1.072647,0.0619841,0
826-0,0,0,0,0,0,BRSP,826-0-1,826-0,826,0,1,2006,497261,1192466,0,0.3421019,1.072647,0.1197395,0
258-2,0,0,0,0,0,BRSP,258-2-1,258-2,258,2,1,2005,513001,1191779,0,0.3421019,1.072647,0.2460497,0
770-2,0,0,0,0,0,BRSP,770-2-1,770-2,770,2,1,2006,362716.1,808343.8,0,0.3421019,1.072647,0.0356428,0
544-0,0,0,0,0,0,BRSP,544-0-1,544-0,544,0,1,2005,485191.9,1201409,0,0.3421019,1.072647,0.0591832,0
718-1,0,0,0,0,0,BRSP,718-1-1,718-1,718,1,1,2006,361455.5,1069435,0,0.3421019,1.072647,0.1394634,0
459-0,0,0,0,0,0,BRSP,459-0-1,459-0,459,0,1,2005,517681,1099259,0,0.3421019,1.072647,0.1137315,0
774-1,0,0,0,0,0,BRSP,774-1-1,774-1,774,1,1,2005,627847.7,805372.9,0,0.3421019,1.072647,0.2608042,0
217-2,0,0,0,0,0,BRSP,217-2-1,217-2,217,2,1,2005,478082.5,996928.1,0,0.3421019,1.072647,0.047419,0
169-1,0,0,0,0,0,BRSP,169-1-1,169-1,169,1,1,2005,559440.3,837806.4,0,0.3421019,1.072647,0.2382445,0
878-0,0,0,0,0,0,BRSP,878-0-1,878-0,878,0,1,2006,365236,802943.7,0,0.3421019,1.072647,0.047119,0
840-0,0,0,0,0,0,BRSP,840-0-1,840-0,840,0,1,2006,383865.3,891414.6,0,0.3421019,1.072647,0.0496216,0
185-2,0,0,0,0,0,BRSP,185-2-1,185-2,185,2,1,2005,520020.9,1092689,0,0.3421019,1.072647,0.0676895,0
971-0,0,0,0,0,0,BRSP,971-0-1,971-0,971,0,1,2006,297288,933715.1,0,0.3421019,1.072647,0.3778008,0
142-2,0,0,0,0,0,BRSP,142-2-1,142-2,142,2,1,2005,487081.8,1211129,0,0.3421019,1.072647,0.2739978,0
740-2,0.4566,0,0,0,0,BRSP,740-2-1,740-2,740,2,1,2006,302057.8,925165.1,1,0.4566,0.7839475,0.0757196,1
776-2,0.24992,0,0,0,0,BRSP,776-2-1,776-2,776,2,1,2006,467742.8,793583.4,1,0.24992,1.386614,0.0513258,1
556-0,0.88591,40.35,3.95,0.29975,2.6183,BRSP,556-0-1,556-0,556,0,1,2005,484292.3,988198,4,0.2214775,1.507434,0.1608283,1
73-2,0.29702,0,0,0,0,BRSP,73-2-1,73-2,73,2,1,2005,467822.7,1101059,1,0.29702,1.213956,0.0675106,1
870-0,1.9512,54.74,2.96,0.37814,10.068,BRSP,870-0-1,870-0,870,0,1,2006,289278.3,908694.9,3,0.6504,0.4301677,0.147562,1
777-1,0.20236,0,0,0,0,BRSP,777-1-1,777-1,777,1,1,2006,540370.6,780983,1,0.20236,1.597707,0.0969569,1
766-1,0.22778,0,0,0,0,BRSP,766-1-1,766-1,766,1,1,2006,361006.8,817433.9,1,0.22778,1.479375,0.0270547,1
241-2,1.4614,30.02,6.91,0.72828,2.9326,BRSP,241-2-1,241-2,241,2,1,2005,537120.9,867866.8,7,0.2087714,1.566515,0.0651128,1
745-1,1.6567,53.81,2.96,0.32903,8.342,BRSP,745-1-1,745-1,745,1,1,2006,291708.2,910314.9,3,0.5522333,0.5937846,0.1329733,1
703-1,0.46336,57.81,1.97,0.044689,4.8044,BRSP,703-1-1,703-1,703,1,1,2006,493301.2,1138556,2,0.23168,1.462398,0.1000957,1
24-1,1.2926,37.58,4.94,0.50603,3.302,BRSP,24-1-1,24-1,24,1,1,2005,440013.9,903057.4,5,0.25852,1.352782,0.065642,1
737-1,1.0917,35.98,4.94,0.4437,2.6859,BRSP,737-1-1,737-1,737,1,1,2006,476742.2,945325,5,0.21834,1.521702,0.0676,1
468-0,0.34951,52.78,1.97,0.040338,3.0283,BRSP,468-0-1,468-0,468,0,1,2005,503101.8,922947.4,2,0.174755,1.74437,0.0652011,1
1-Feb,0.81833,39.4,3.95,0.28349,2.3622,BRSP,2/1/2001,1-Feb,2,1,1,2005,343266.9,962008.2,4,0.2045825,1.586784,0.0711417,1
739-2,0.86702,64.5,1.97,0.066448,11.313,BRSP,739-2-1,739-2,739,2,1,2006,581318.8,934254.3,2,0.43351,0.8358404,0.0821121,1
439-0,0.75768,63.27,1.97,0.060528,9.4846,BRSP,439-0-1,439-0,439,0,1,2005,426604.3,948957.9,2,0.37884,0.9706413,0.0693143,1
47-2,1.9095,45.99,3.95,0.56249,6.482,BRSP,47-2-1,47-2,47,2,1,2005,268389.5,854007.4,4,0.477375,0.739453,0.1211757,1
749-1,0.8962,49.76,2.96,0.19844,4.0474,BRSP,749-1-1,749-1,749,1,1,2006,395204.9,890514.5,3,0.2987333,1.208204,0.068049,1
739-1,0.89977,64.68,1.97,0.068531,11.813,BRSP,739-1-1,739-1,739,1,1,2006,581318.8,933264.3,2,0.449885,0.7987633,0.1094697,1
753-1,3.4822,42.5,4.94,1.2168,9.9654,BRSP,753-1-1,753-1,753,1,1,2006,299627.9,881154.6,5,0.69644,0.3617737,0.1209363,1
122-2,0.41492,57.07,1.97,0.041077,4.1912,BRSP,122-2-1,122-2,122,2,1,2005,265509.4,1055879,2,0.20746,1.572817,0.5560536,1
42-2,2.0426,40.38,4.94,0.74933,5.568,BRSP,42-2-1,42-2,42,2,1,2005,299078.5,878847.6,5,0.40852,0.8952144,0.0843002,1
721-1,1.152,52.2,2.96,0.23887,5.5562,BRSP,721-1-1,721-1,721,1,1,2006,296047.8,1028147,3,0.384,0.9571128,0.3647749,1
732-1,0.95259,41.23,3.95,0.31531,2.8778,BRSP,732-1-1,732-1,732,1,1,2006,481332,959994.9,4,0.2381475,1.434865,0.0471937,1
68-1,0.89113,49.82,2.96,0.19698,4.0315,BRSP,68-1-1,68-1,68,1,1,2005,400595.3,817106.8,3,0.2970433,1.213877,0.1300973,1
17-2,0.96562,41.36,3.95,0.31857,2.9269,BRSP,17-2-1,17-2,17,2,1,2005,460173.3,922767.6,4,0.241405,1.421279,0.0579317,1
109-2,1.2009,43.29,3.95,0.37781,3.8169,BRSP,109-2-1,109-2,109,2,1,2005,524250.8,1106639,4,0.300225,1.203223,0.0816188,1
707-1,0.22637,0,0,0,0,BRSP,707-1-1,707-1,707,1,1,2006,375045.2,1125326,1,0.22637,1.485584,0.2515544,1
889-0,0.32913,0,0,0,0,BRSP,889-0-1,889-0,889,0,1,2006,450193.2,855324.1,1,0.32913,1.111302,0.0471937,1
972-0,3.8215,42.95,4.94,1.3218,11.049,BRSP,972-0-1,972-0,972,0,1,2006,298457.9,935335.1,5,0.7643,0.2687949,0.260452,1
754-2,0.48446,58.48,1.97,0.045636,5.1428,BRSP,754-2-1,754-2,754,2,1,2006,514271.1,879804.1,2,0.24223,1.417868,0.0691327,1
756-1,0.94686,50.82,2.96,0.20376,4.4001,BRSP,756-1-1,756-1,756,1,1,2006,438763.9,878454.1,3,0.31562,1.153216,0.0651128,1
241-1,1.1812,31.83,5.92,0.55103,2.5321,BRSP,241-1-1,241-1,241,1,1,2005,536040.9,868226.8,6,0.1968667,1.625229,0.0808322,1
738-2,0.21973,0,0,0,0,BRSP,738-2-1,738-2,738,2,1,2006,468912.4,945144.8,1,0.21973,1.515356,0.0604481,1
504-0,0.6643,47.37,2.96,0.15703,2.8104,BRSP,504-0-1,504-0,504,0,1,2005,268749.3,1038599,3,0.2214333,1.507634,0.4012564,1
722-2,1.6763,68.31,1.97,0.11319,24.825,BRSP,722-2-1,722-2,722,2,1,2006,298097.8,1022636,2,0.83815,0.1765582,0.4958103,1
758-1,2.3716,41.1,4.94,0.8557,6.5731,BRSP,758-1-1,758-1,758,1,1,2006,291168.2,876744.6,5,0.47432,0.7458731,0.1174837,1
21-2,0.40355,55.49,1.97,0.042253,3.8543,BRSP,21-2-1,21-2,21,2,1,2005,443343.8,931137.7,2,0.201775,1.600602,0.0526624,1
98-2,0.36827,0,0,0,0,BRSP,98-2-1,98-2,98,2,1,2005,563759.8,966687.6,1,0.36827,0.9989389,0.0737405,1
748-1,2.1649,32.86,6.91,1.0134,4.6248,BRSP,748-1-1,748-1,748,1,1,2006,390885,891414.6,7,0.3092714,1.173536,0.0649373,1
29-2,4.5036,27.45,10.86,2.4864,8.1575,BRSP,29-2-1,29-2,29,2,1,2005,384935.7,899817.6,11,0.4094182,0.8930182,0.0634521,1
760-2,0.30469,0,0,0,0,BRSP,760-2-1,760-2,760,2,1,2006,525250.8,869543.9,1,0.30469,1.18846,0.065642,1
602-0,0.27876,0,0,0,0,BRSP,602-0-1,602-0,602,0,1,2005,381785.8,901887.6,1,0.27876,1.277404,0.0580145,1
737-2,0.4276,57.38,1.97,0.041872,4.3666,BRSP,737-2-1,737-2,737,2,1,2006,477462,946042.8,2,0.2138,1.542714,0.0566112,1
99-2,0.80045,39.13,3.95,0.2792,2.2948,BRSP,99-2-1,99-2,99,2,1,2005,468542.8,1002238,4,0.2001125,1.608876,0.0551442,1
816-0,0.74229,47.93,2.96,0.1728,3.1886,BRSP,816-0-1,816-0,816,0,1,2006,452533.1,878994.3,3,0.24743,1.396628,0.0559568,1
156-2,0.81068,49.2,2.96,0.18227,3.6057,BRSP,156-2-1,156-2,156,2,1,2005,489152.2,991168,3,0.2702267,1.308494,0.070225,1
736-1,0.48343,58.57,1.97,0.045403,5.1473,BRSP,736-1-1,736-1,736,1,1,2006,433183.6,948924.9,2,0.241715,1.419996,0.0844001,1
757-1,1.0515,42.03,3.95,0.34126,3.2398,BRSP,757-1-1,757-1,757,1,1,2006,443893.3,876924.3,4,0.262875,1.336077,0.0727138,1
735-2,0.43453,57.55,1.97,0.042299,4.4638,BRSP,735-2-1,735-2,735,2,1,2006,470712.3,948294.8,2,0.217265,1.526638,0.0804409,1
801-0,0.30664,0,0,0,0,BRSP,801-0-1,801-0,801,0,1,2006,358216.2,816983.9,1,0.30664,1.182081,0.0307459,1
17-1,1.3592,33.18,5.92,0.61485,3.0048,BRSP,17-1-1,17-1,17,1,1,2005,459363.3,921957.6,6,0.2265333,1.484863,0.0723427,1
757-2,0.80951,48.78,2.96,0.18408,3.5599,BRSP,757-2-1,757-2,757,2,1,2006,444521.6,878094.3,3,0.2698367,1.309938,0.0668848,1
485-0,0.76736,64.04,1.97,0.059725,9.8592,BRSP,485-0-1,485-0,485,0,1,2005,631077.6,947877.2,2,0.38368,0.9579464,0.0945034,1
156-1,0.55671,44.07,2.96,0.14427,2.1482,BRSP,156-1-1,156-1,156,1,1,2005,487982.2,991258,3,0.18557,1.684323,0.0790774,1
712-1,0.68612,62.84,1.97,0.055623,8.4635,BRSP,712-1-1,712-1,712,1,1,2006,439663.1,1099946,2,0.34306,1.06985,0.1379223,1
807-0,0.26718,0,0,0,0,BRSP,807-0-1,807-0,807,0,1,2006,449473.2,878904.3,1,0.26718,1.319833,0.0548206,1
23-1,1.612,34.57,5.92,0.70672,3.677,BRSP,23-1-1,23-1,23,1,1,2005,405905,910077.6,6,0.2686667,1.314284,0.0716949,1
721-2,0.79984,0,0,0,0,BRSP,721-2-1,721-2,721,2,1,2006,298997.8,1026236,1,0.79984,0.2233436,0.454694,1
67-2,2.4443,36.85,5.92,1.018,5.8689,BRSP,67-2-1,67-2,67,2,1,2005,277389.2,845007.3,6,0.4073833,0.8980007,0.0716949,1
827-0,0.90432,0,0,0,0,BRSP,827-0-1,827-0,827,0,1,2006,298458,885114.7,1,0.90432,0.100572,0.0765762,1
70-2,0.59432,61.01,1.97,0.051283,6.8876,BRSP,70-2-1,70-2,70,2,1,2005,364236.5,817916.8,2,0.29716,1.213485,0.0501608,1
767-2,2.823,37.53,5.92,1.1581,6.8815,BRSP,767-2-1,767-2,767,2,1,2006,623707.8,818063.1,6,0.4705,0.7539594,0.1907279,1
462-0,0.42675,56.46,1.97,0.043178,4.2177,BRSP,462-0-1,462-0,462,0,1,2005,496352.1,911697.4,2,0.213375,1.544704,0.0785933,1
29-1,2.952,37.75,5.92,1.2052,7.2307,BRSP,29-1-1,29-1,29,1,1,2005,384845.7,899007.6,6,0.492,0.7092766,0.0590991,1
788-2,3.3693,38.09,5.92,1.3652,8.3152,BRSP,788-2-1,788-2,788,2,1,2006,645487,755962.3,6,0.56155,0.5770545,0.1021793,1
137-2,0.26688,0,0,0,0,BRSP,137-2-1,137-2,137,2,1,2005,558540,955527.5,1,0.26688,1.320956,0.0533767,1
98-1,2.8791,34.16,6.91,1.3098,6.3286,BRSP,98-1-1,98-1,98,1,1,2005,562949.8,965787.6,7,0.4113,0.8884324,0.0840003,1
746-1,1.2712,37.33,4.94,0.50052,3.2284,BRSP,746-1-1,746-1,746,1,1,2006,392774.9,901404.6,5,0.25424,1.369477,0.0553873,1
509-0,1.0054,50.83,2.96,0.21627,4.6739,BRSP,509-0-1,509-0,509,0,1,2005,679766.3,885146.4,3,0.3351333,1.093227,0.1472971,1
969-0,1.4313,53.09,2.96,0.2898,7.0693,BRSP,969-0-1,969-0,969,0,1,2006,304127.8,932815.1,3,0.4771,0.7400292,0.0877386,1
511-0,2.7279,28.87,8.89,1.4366,5.1799,BRSP,511-0-1,511-0,511,0,1,2005,374496.1,837267,9,0.3031,1.193693,0.0722497,1
19-1,0.9574,34.5,4.94,0.40299,2.2745,BRSP,19-1-1,19-1,19,1,1,2005,508051.7,914217.3,5,0.19148,1.652972,0.0632784,1
717-2,0.18095,0,0,0,0,BRSP,717-2-1,717-2,717,2,1,2006,360735.7,1073936,1,0.18095,1.709535,0.0876361,1
779-1,2.2756,33.43,6.91,1.0519,4.9228,BRSP,779-1-1,779-1,779,1,1,2006,528670.9,779183,7,0.3250857,1.123666,0.129228,1
709-2,0.39096,55.53,1.97,0.040874,3.7395,BRSP,709-2-1,709-2,709,2,1,2006,491861.3,1117226,2,0.19548,1.632297,0.073928,1
112-1,0.25166,0,0,0,0,BRSP,112-1-1,112-1,112,1,1,2005,529290.6,1122119,1,0.25166,1.379676,0.1774153,1
83-1,0.23414,0,0,0,0,BRSP,83-1-1,83-1,83,1,1,2005,511921,1196099,1,0.23414,1.451836,0.2532867,1
576-0,1.6563,45.22,3.95,0.49712,5.5185,BRSP,576-0-1,576-0,576,0,1,2005,398615.5,787586.4,4,0.414075,0.8817082,0.1215366,1
223-2,1.5966,45.02,3.95,0.48148,5.2942,BRSP,223-2-1,223-2,223,2,1,2005,525510.9,1008988,4,0.39915,0.9184179,0.0851029,1
747-2,1.2616,66.68,1.97,0.089891,17.706,BRSP,747-2-1,747-2,747,2,1,2006,609938,898703.9,2,0.6308,0.4607664,0.0699513,1
538-0,2.3385,41.27,4.94,0.84049,6.5062,BRSP,538-0-1,538-0,538,0,1,2005,576539.4,958047.5,5,0.4677,0.7599282,0.0579317,1
766-2,1.1836,43.02,3.95,0.3748,3.7376,BRSP,766-2-1,766-2,766,2,1,2006,360106.1,819143.9,4,0.2959,1.217734,0.0465222,1
32-1,1.3985,44.27,3.95,0.42957,4.5531,BRSP,32-1-1,32-1,32,1,1,2005,313298,883257.6,4,0.349625,1.050894,0.0438107,1
960-0,3.3656,38.17,5.92,1.3612,8.3221,BRSP,960-0-1,960-0,960,0,1,2006,279828.6,885384.8,6,0.5609334,0.5781532,0.1716528,1
2-Feb,1.1237,36.23,4.94,0.45401,2.781,BRSP,2/2/2001,2-Feb,2,2,1,2005,343086.9,963178.2,5,0.22474,1.492811,0.0744913,1
555-0,0.2434,0,0,0,0,BRSP,555-0-1,555-0,555,0,1,2005,482312.4,999898.1,1,0.2434,1.413049,0.0574345,1
899-0,1.5035,34.08,5.92,0.66647,3.3916,BRSP,899-0-1,899-0,899,0,1,2006,530740.8,782873.1,6,0.2505833,1.383964,0.1083318,1
561-0,1.5061,30.26,6.91,0.74667,3.038,BRSP,561-0-1,561-0,561,0,1,2005,353526.6,944728.1,7,0.2151572,1.536387,0.0514038,1
575-0,3.2414,29.75,8.89,1.6752,6.2719,BRSP,575-0-1,575-0,575,0,1,2005,387905.6,898107.6,9,0.3601556,1.021219,0.0576826,1
808-0,0.5378,59.7,1.97,0.048556,5.9567,BRSP,808-0-1,808-0,808,0,1,2006,467832.8,796103.4,2,0.2689,1.313416,0.0529791,1
574-0,2.146,27.46,8.89,1.1649,3.9536,BRSP,574-0-1,574-0,574,0,1,2005,442893.8,901527.4,9,0.2384444,1.433619,0.0632784,1
109-1,0.84372,64.65,1.97,0.064325,11.067,BRSP,109-1-1,109-1,109,1,1,2005,523350.8,1105649,2,0.42186,0.8630818,0.0669738,1
750-1,1.6297,39.22,4.94,0.61409,4.3252,BRSP,750-1-1,750-1,750,1,1,2006,398444.8,889254.5,5,0.32594,1.121042,0.0493146,1
756-2,0.58211,60.68,1.97,0.050815,6.6682,BRSP,756-2-1,756-2,756,2,1,2006,437593.6,877284.3,2,0.291055,1.234243,0.0500063,1
712-2,0.70544,47.39,2.96,0.1667,2.9853,BRSP,712-2-1,712-2,712,2,1,2006,440743,1099766,3,0.2351467,1.447546,0.0768626,1
773-2,0.75665,48.17,2.96,0.17498,3.2719,BRSP,773-2-1,773-2,773,2,1,2006,358396.2,806363.8,3,0.2522167,1.377467,0.0416021,1
2-Aug,1.0771,35.8,4.94,0.43962,2.639,BRSP,8/2/2001,2-Aug,8,2,1,2005,352086.7,950668.1,5,0.21542,1.535166,0.0626726,1
836-0,0.23531,0,0,0,0,BRSP,836-0-1,836-0,836,0,1,2006,473952.6,793043.3,1,0.23531,1.446851,0.0647616,1
732-2,1.4331,29.88,6.91,0.71653,2.8664,BRSP,732-2-1,732-2,732,2,1,2006,481512,961074.9,7,0.2047286,1.58607,0.0562017,1
196-2,1.1515,42.89,3.95,0.36583,3.6243,BRSP,196-2-1,196-2,196,2,1,2005,395465.6,787856.4,4,0.287875,1.245229,0.1586238,1
740-1,0.39733,0,0,0,0,BRSP,740-1-1,740-1,740,1,1,2006,302777.8,925615.1,1,0.39733,0.9229881,0.0707741,1
28-2,0.40297,55.46,1.97,0.042234,3.8449,BRSP,28-2-1,28-2,28,2,1,2005,494192.2,906297.3,2,0.201485,1.60204,0.0541768,1
70-1,0.29805,0,0,0,0,BRSP,70-1-1,70-1,70,1,1,2005,365226.5,818006.8,1,0.29805,1.210494,0.0477195,1
777-2,0.63657,46.09,2.96,0.15589,2.5994,BRSP,777-2-1,777-2,777,2,1,2006,541360.5,780983,3,0.21219,1.550273,0.1195016,1
476-0,1.5504,53.65,2.96,0.30921,7.774,BRSP,476-0-1,476-0,476,0,1,2005,263979.6,852837.4,3,0.5168,0.6600993,0.1784336,1
221-2,1.5371,53.72,2.96,0.30598,7.7217,BRSP,221-2-1,221-2,221,2,1,2005,523441,1011598,3,0.5123667,0.6687148,0.063365,1
779-2,1.6384,35.13,5.92,0.70926,3.7846,BRSP,779-2-1,779-2,779,2,1,2006,529120.9,778553,6,0.2730667,1.298039,0.1241956,1
783-1,1.5659,54.08,2.96,0.30878,7.9414,BRSP,783-1-1,783-1,783,1,1,2006,644497.3,771892.5,3,0.5219666,0.6501516,0.0948215,1
783-2,1.4534,53.16,2.96,0.29368,7.1929,BRSP,783-2-1,783-2,783,2,1,2006,644677.3,770362.5,3,0.4844667,0.7247066,0.0947156,1
963-0,3.2313,42.21,4.94,1.1365,9.187,BRSP,963-0-1,963-0,963,0,1,2006,634597.6,762802.4,5,0.64626,0.4365533,0.131094,1
112-2,0.22904,0,0,0,0,BRSP,112-2-1,112-2,112,2,1,2005,529740.6,1121489,1,0.22904,1.473859,0.0928147,1
63-1,1.1668,43.03,3.95,0.36944,3.6853,BRSP,63-1-1,63-1,63,1,1,2005,375306.1,834386.9,4,0.2917,1.232029,0.0725279,1
819-0,0.58499,60.83,1.97,0.05079,6.7379,BRSP,819-0-1,819-0,819,0,1,2006,354166.3,806003.8,2,0.292495,1.229308,0.0576826,1
772-2,0.84782,64.32,1.97,0.065367,10.996,BRSP,772-2-1,772-2,772,2,1,2006,622177.9,808343,2,0.42391,0.8582341,0.4842239,1
846-0,1.6566,39.32,4.94,0.62278,4.4064,BRSP,846-0-1,846-0,846,0,1,2006,493931.2,1124516,5,0.33132,1.104671,0.0817171,1
67-1,2.7039,37.3,5.92,1.1151,6.5567,BRSP,67-1-1,67-1,67,1,1,2005,277749.2,846087.3,6,0.45065,0.7970643,0.1116482,1
809-0,0.64093,46.17,2.96,0.15663,2.6227,BRSP,809-0-1,809-0,809,0,1,2006,532270.8,783953.1,3,0.2136433,1.543447,0.1462405,1
731-1,1.6649,39.69,4.94,0.62058,4.4665,BRSP,731-1-1,731-1,731,1,1,2006,487631.8,960984.9,5,0.33298,1.099673,0.0531381,1
968-0,0.80216,64.05,1.97,0.062407,10.311,BRSP,968-0-1,968-0,968,0,1,2006,301607.8,929215.1,2,0.40108,0.9135944,0.1904266,1
191-1,1.0113,65.74,1.97,0.074356,13.755,BRSP,191-1-1,191-1,191,1,1,2005,630897.6,950577.2,2,0.50565,0.6819106,0.0991167,1
63-2,1.3227,37.74,4.94,0.51581,3.392,BRSP,63-2-1,63-2,63,2,1,2005,375396.1,833486.9,5,0.26454,1.329763,0.0536163,1
247-1,0.4974,42.33,2.96,0.13536,1.8278,BRSP,247-1-1,247-1,247,1,1,2005,271359.2,1037069,3,0.1658,1.796973,0.5124584,1
832-0,0.78983,48.54,2.96,0.18081,3.4501,BRSP,832-0-1,832-0,832,0,1,2006,457842.9,871884.2,3,0.2632767,1.33455,0.0578484,1
499-0,2.0404,27.22,8.89,1.1131,3.7403,BRSP,499-0-1,499-0,499,0,1,2005,360906.5,852477.2,9,0.2267111,1.484079,0.0475689,1
768-1,0.52753,0,0,0,0,BRSP,768-1-1,768-1,768,1,1,2006,631267.6,813743,1,0.52753,0.6395495,0.2282537,1
838-0,0.65665,46.56,2.96,0.15875,2.7161,BRSP,838-0-1,838-0,838,0,1,2006,403844.6,880884.4,3,0.2188833,1.519216,0.053696,1
229-2,0.90328,50.32,2.96,0.19698,4.1421,BRSP,229-2-1,229-2,229,2,1,2005,577979.7,845096.4,3,0.3010933,1.200335,0.105177,1
24-2,0.92863,40.9,3.95,0.30989,2.7827,BRSP,24-2-1,24-2,24,2,1,2005,439833.9,904047.4,4,0.2321575,1.460339,0.060025,1
492-0,1.2094,52.55,2.96,0.2484,5.888,BRSP,492-0-1,492-0,492,0,1,2005,404105.3,811076.6,3,0.4031334,0.9084879,0.1709393,1
758-2,0.80863,64.04,1.97,0.062928,10.391,BRSP,758-2-1,758-2,758,2,1,2006,292068.2,876834.6,2,0.404315,0.905561,0.1086724,1
736-2,0.22036,0,0,0,0,BRSP,736-2-1,736-2,736,2,1,2006,433003.6,947844.9,1,0.22036,1.512493,0.0706826,1
900-0,0.64247,0,0,0,0,BRSP,900-0-1,900-0,900,0,1,2006,594458.4,933534.3,1,0.64247,0.4424351,0.0747738,1
735-1,0.43813,56.96,1.97,0.043542,4.4086,BRSP,735-1-1,735-1,735,1,1,2006,469992.4,948024.8,2,0.219065,1.518387,0.077054,1
750-2,0.2692,0,0,0,0,BRSP,750-2-1,750-2,750,2,1,2006,397454.8,889344.5,1,0.2692,1.312301,0.0477951,1
453-0,0.53883,59.9,1.97,0.048315,6.0094,BRSP,453-0-1,453-0,453,0,1,2005,472952.4,1122659,2,0.269415,1.311502,0.0636255,1
748-2,3.1636,27.56,9.87,1.7293,5.7872,BRSP,748-2-1,748-2,748,2,1,2006,390885,892134.6,10,0.31636,1.150874,0.0667954,1
719-2,0.17654,0,0,0,0,BRSP,719-2-1,719-2,719,2,1,2006,365685.6,1068266,1,0.17654,1.734208,0.0606179,1
569-0,1.3255,29.05,6.91,0.67508,2.6026,BRSP,569-0-1,569-0,569,0,1,2005,344616.9,958678.2,7,0.1893571,1.66412,0.076481,1
589-0,0.41854,0,0,0,0,BRSP,589-0-1,589-0,589,0,1,2005,422734.4,952827.9,1,0.41854,0.8709828,0.1267602,1
14-1,0.43765,0,0,0,0,BRSP,14-1-1,14-1,14,1,1,2005,437133.9,938967.8,1,0.43765,0.8263358,0.07105,1
746-2,0.45457,57.62,1.97,0.044144,4.6809,BRSP,746-2-1,746-2,746,2,1,2006,393224.9,898884.6,2,0.227285,1.481551,0.049929,1
404-0,2.9121,34.21,6.91,1.3235,6.4075,BRSP,404-0-1,404-0,404,0,1,2005,296558.5,886317.6,7,0.4160143,0.8770357,0.0814218,1
479-0,1.2601,52.3,2.96,0.26054,6.0947,BRSP,479-0-1,479-0,479,0,1,2005,276399.2,851037.3,3,0.4200333,0.8674212,0.1583491,1
874-0,0.48908,58.79,1.97,0.045585,5.2473,BRSP,874-0-1,874-0,874,0,1,2006,378465.1,1136666,2,0.24454,1.408376,0.1749548,1
905-0,1.6679,53.83,2.96,0.33112,8.4017,BRSP,905-0-1,905-0,905,0,1,2006,290538.3,872604.6,3,0.5559667,0.5870469,0.1218973,1
908-0,0.88418,64.58,1.97,0.06758,11.568,BRSP,908-0-1,908-0,908,0,1,2006,295308.1,881694.7,2,0.44209,0.8162418,0.1181936,1
914-0,0.49588,0,0,0,0,BRSP,914-0-1,914-0,914,0,1,2006,306107.7,924625.1,1,0.49588,0.7014213,0.0715102,1
848-0,0.26332,0,0,0,0,BRSP,848-0-1,848-0,848,0,1,2006,408434.5,882324.4,1,0.26332,1.334385,0.0705912,1
946-0,1.1587,31.65,5.92,0.54274,2.4739,BRSP,946-0-1,946-0,946,0,1,2006,509771.3,879714.1,6,0.1931167,1.644461,0.0581808,1
949-0,1.0252,41.95,3.95,0.33338,3.1526,BRSP,949-0-1,949-0,949,0,1,2006,440563.3,956844.9,4,0.2563,1.361407,0.3256871,1
767-1,1.4276,53.13,2.96,0.2887,7.0595,BRSP,767-1-1,767-1,767,1,1,2006,623617.8,816803.1,3,0.4758667,0.7426175,0.1710823,1
452-0,1.3204,32.9,5.92,0.6012,2.9001,BRSP,452-0-1,452-0,452,0,1,2005,443883.8,905757.4,6,0.2200667,1.513825,0.0640611,1
265-2,1.928,46.26,3.95,0.56418,6.5888,BRSP,265-2-1,265-2,265,2,1,2005,427054.3,952827.9,4,0.482,0.7298112,0.0953531,1
49-2,1.2655,37.4,4.94,0.49747,3.2193,BRSP,49-2-1,49-2,49,2,1,2005,351816.8,845817.1,5,0.2531,1.373971,0.0593512,1
893-0,0.78336,38.94,3.95,0.27453,2.2353,BRSP,893-0-1,893-0,893,0,1,2006,441733.3,955404.9,4,0.19584,1.630457,0.1499556,1
974-0,1.8732,54.34,2.96,0.36685,9.5651,BRSP,974-0-1,974-0,974,0,1,2006,292248.2,880344.7,3,0.6244,0.470964,0.1856421,1
764-1,1.2096,36.94,4.94,0.48067,3.0439,BRSP,764-1-1,764-1,764,1,1,2006,440653.5,863064.1,5,0.24192,1.419148,0.1010801,1
768-2,1.4565,53.18,2.96,0.29417,7.2112,BRSP,768-2-1,768-2,768,2,1,2006,632077.6,813743,3,0.4855,0.722576,0.2377401,1
177-1,2.0467,40.39,4.94,0.75061,5.5808,BRSP,177-1-1,177-1,177,1,1,2005,436593.9,955077.9,5,0.40934,0.8932092,0.1548013,1
457-0,0.36002,0,0,0,0,BRSP,457-0-1,457-0,457,0,1,2005,522180.8,1102859,1,0.36002,1.021596,0.0694048,1
13-1,5.1586,31.31,8.89,2.5793,10.317,BRSP,13-1-1,13-1,13,1,1,2005,417154.6,941217.8,9,0.5731778,0.5565594,0.0853043,1
599-0,3.1938,31.83,7.9,1.5578,6.5482,BRSP,599-0-1,599-0,599,0,1,2005,282879,834837.2,8,0.399225,0.9182301,0.0922902,1
49-1,1.1705,43.08,3.95,0.37018,3.701,BRSP,49-1-1,49-1,49,1,1,2005,352626.8,845817.1,4,0.292625,1.228863,0.0691327,1
704-2,0.36588,53.85,1.97,0.040631,3.2947,BRSP,704-2-1,704-2,704,2,1,2005,374865.2,1136756,2,0.18294,1.698597,0.2327233,1
790-1,3.9471,42.98,4.94,1.3643,11.419,BRSP,790-1-1,790-1,790,1,1,2006,630997.3,752362.3,5,0.78942,0.2364568,0.4477457,1
250-1,0.48136,59.38,1.97,0.043954,5.2717,BRSP,250-1-1,250-1,250,1,1,2005,572039.6,947427.4,2,0.24068,1.424287,0.0795629,1
482-0,1.0964,51.42,2.96,0.23215,5.1785,BRSP,482-0-1,482-0,482,0,1,2005,623427.9,945897.2,3,0.3654667,1.00658,0.0909336,1
590-0,2.0299,32.66,6.91,0.9543,4.318,BRSP,590-0-1,590-0,590,0,1,2005,348576.8,946078.1,7,0.2899857,1.237924,0.0646736,1
442-0,0.7089,62.72,1.97,0.0577,8.7094,BRSP,442-0-1,442-0,442,0,1,2005,420214.5,943647.9,2,0.35445,1.037188,0.0931299,1
769-1,0.56304,60.41,1.97,0.049604,6.3909,BRSP,769-1-1,769-1,769,1,1,2006,360916.1,812303.8,2,0.28152,1.267552,0.038025,1
775-1,0.78765,48.53,2.96,0.18037,3.4395,BRSP,775-1-1,775-1,775,1,1,2006,471972.7,796553.4,3,0.26255,1.337314,0.0808322,1
778-2,0.84869,39.9,3.95,0.29036,2.4806,BRSP,778-2-1,778-2,778,2,1,2006,545320.4,779452.9,4,0.2121725,1.550356,0.295899,1
513-0,1.9466,35.79,5.92,0.83026,4.5637,BRSP,513-0-1,513-0,513,0,1,2005,364236.4,845907.1,6,0.3244333,1.125675,0.0480215,1
856-0,0.58621,0,0,0,0,BRSP,856-0-1,856-0,856,0,1,2006,608678,913914.1,1,0.58621,0.5340772,0.0707741,1
177-2,2.5447,37.03,5.92,1.0557,6.1338,BRSP,177-2-1,177-2,177,2,1,2005,437583.9,954087.9,6,0.4241166,0.8577468,0.1455819,1
185-1,0.28195,0,0,0,0,BRSP,185-1-1,185-1,185,1,1,2005,518851,1092059,1,0.28195,1.266026,0.1134996,1
738-1,0.23358,0,0,0,0,BRSP,738-1-1,738-1,738,1,1,2006,468912.4,946134.8,1,0.23358,1.454231,0.0665284,1
788-1,1.2246,52.34,2.96,0.25296,5.9281,BRSP,788-1-1,788-1,788,1,1,2006,646117.3,755242.3,3,0.4082,0.8959981,0.1018491,1
882-0,1.9814,35.82,5.92,0.84452,4.6487,BRSP,882-0-1,882-0,882,0,1,2006,400964.7,892134.5,6,0.3302333,1.107956,0.0570221,1
775-2,0.51296,59.14,1.97,0.047228,5.5716,BRSP,775-2-1,775-2,775,2,1,2006,472152.6,797453.4,2,0.25648,1.360705,0.0667065,1
223-1,2.1948,40.73,4.94,0.79858,6.032,BRSP,223-1-1,223-1,223,1,1,2005,524251,1008448,5,0.43896,0.823347,0.061641,1
21-1,1.0477,35.52,4.94,0.43044,2.5501,BRSP,21-1-1,21-1,21,1,1,2005,443433.8,932217.7,5,0.20954,1.562841,0.0507804,1
541-0,0.90612,65.05,1.97,0.068164,12.045,BRSP,541-0-1,541-0,541,0,1,2005,553320.2,947967.5,2,0.45306,0.7917307,0.0734594,1
1-Aug,0.88025,40.27,3.95,0.29843,2.5965,BRSP,8/1/2001,1-Aug,8,1,1,2005,351636.7,949948.1,4,0.2200625,1.513844,0.0804409,1
790-2,1.8289,54.24,2.96,0.35913,9.3138,BRSP,790-2-1,790-2,790,2,1,2006,630187.8,752272.4,3,0.6096333,0.4948976,0.4475155,1
962-0,1.5293,53.41,2.96,0.30695,7.6194,BRSP,962-0-1,962-0,962,0,1,2006,289728.3,882594.7,3,0.5097666,0.6738023,0.1675347,1
703-2,2.3019,33.37,6.91,1.0656,4.9725,BRSP,703-2-1,703-2,703,2,1,2006,493571.2,1137746,7,0.3288428,1.112175,0.0632784,1
229-1,0.45851,57.67,1.97,0.044441,4.7305,BRSP,229-1-1,229-1,229,1,1,2005,577529.7,845726.5,2,0.229255,1.47292,0.1268834,1
122-1,0.21157,0,0,0,0,BRSP,122-1-1,122-1,122,1,1,2005,264969.4,1055339,1,0.21157,1.553199,0.3300307,1
23-2,0.20181,0,0,0,0,BRSP,23-2-1,23-2,23,2,1,2005,406895,910797.6,1,0.20181,1.600429,0.0572693,1
13-2,1.5471,44.86,3.95,0.46835,5.1102,BRSP,13-2-1,13-2,13,2,1,2005,417604.6,940587.8,4,0.386775,0.9499122,0.0790774,1
265-1,0.80533,63.76,1.97,0.063275,10.25,BRSP,265-1-1,265-1,265,1,1,2005,427414.2,953547.9,2,0.402665,0.9096503,0.119025,1
843-0,0.84328,49.7,2.96,0.18702,3.8023,BRSP,843-0-1,843-0,843,0,1,2006,472512.3,962784.9,3,0.2810933,1.269068,0.071972,1
461-0,0.48667,58.69,1.97,0.045515,5.2038,BRSP,461-0-1,461-0,461,0,1,2005,525600.7,1119059,2,0.243335,1.413316,0.1002052,1
32-2,2.0198,40.32,4.94,0.7419,5.4988,BRSP,32-2-1,32-2,32,2,1,2005,312578,883797.6,5,0.40396,0.9064394,0.0469693,1
704-1,0.80044,48.98,2.96,0.18107,3.5385,BRSP,704-1-1,704-1,704,1,1,2006,375495.2,1135676,3,0.2668133,1.321206,0.1922367,1
560-0,0.60911,45.39,2.96,0.1521,2.4392,BRSP,560-0-1,560-0,560,0,1,2005,463773,1001518,3,0.2030367,1.594369,0.077822,1
597-0,1.1404,52.35,2.96,0.23549,5.5225,BRSP,597-0-1,597-0,597,0,1,2005,294488.6,880107.6,3,0.3801334,0.9672331,0.1761103,1
745-2,3.0272,42.02,4.94,1.0694,8.5695,BRSP,745-2-1,745-2,745,2,1,2006,290898.2,909504.9,5,0.60544,0.5017998,0.1442693,1
873-0,1.3526,44.05,3.95,0.41771,4.3801,BRSP,873-0-1,873-0,873,0,1,2006,389895,895374.6,4,0.33815,1.084266,0.0617264,1
778-1,0.67207,47.34,2.96,0.15899,2.8409,BRSP,778-1-1,778-1,778,1,1,2006,544060.4,780623,3,0.2240233,1.496005,0.1593111,1
776-1,1.6478,39.24,4.94,0.62059,4.3755,BRSP,776-1-1,776-1,776,1,1,2006,469182.8,793673.4,5,0.32956,1.109997,0.0574345,1
19-2,0.36795,53.82,1.97,0.040906,3.3097,BRSP,19-2-1,19-2,19,2,1,2005,507331.8,914757.4,2,0.183975,1.692955,0.0517171,1
407-0,3.4047,32.08,7.9,1.6518,7.0178,BRSP,407-0-1,407-0,407,0,1,2005,309518.1,880917.6,8,0.4255875,0.8542847,0.0648492,1
718-2,0.63045,45.95,2.96,0.15499,2.5644,BRSP,718-2-1,718-2,718,2,1,2006,361545.7,1070516,3,0.21015,1.559934,0.0867202,1
749-2,0.59931,60.97,1.97,0.051781,6.9365,BRSP,749-2-1,749-2,749,2,1,2006,395744.9,890964.5,2,0.299655,1.205124,0.0627588,1
741-2,1.5331,68.56,1.97,0.10268,22.891,BRSP,741-2-1,741-2,741,2,1,2006,287838.3,919045,2,0.76655,0.2658553,0.2350582,1
577-0,0.53351,59.87,1.97,0.047896,5.9428,BRSP,577-0-1,577-0,577,0,1,2005,400685.4,805226.6,2,0.266755,1.321425,0.1115333,1
47-1,1.0612,65.84,1.97,0.07774,14.485,BRSP,47-1-1,47-1,47,1,1,2005,268479.5,853107.4,2,0.5306,0.6337468,0.1362629,1
772-1,0.42294,0,0,0,0,BRSP,772-1-1,772-1,772,1,1,2006,621457.9,807443,1,0.42294,0.860525,0.3595861,1
970-0,3.333,38.05,5.92,1.3516,8.2188,BRSP,970-0-1,970-0,970,0,1,2006,630997.8,763972.5,6,0.5555,0.5878868,0.1521,1
844-0,0.51513,59.41,1.97,0.046988,5.6473,BRSP,844-0-1,844-0,844,0,1,2006,451003.2,860454.1,2,0.257565,1.356483,0.0533767,1
876-0,3.1767,37.87,5.92,1.2934,7.8022,BRSP,876-0-1,876-0,876,0,1,2006,290628.2,914455,6,0.52945,0.6359165,0.0952469,1
196-1,0.89371,49.85,2.96,0.19743,4.0455,BRSP,196-1-1,196-1,196,1,1,2005,395285.6,786326.4,3,0.2979033,1.210986,0.1392058,1
965-0,2.2091,46.6,3.95,0.64121,7.611,BRSP,965-0-1,965-0,965,0,1,2006,280998.5,881424.7,4,0.552275,0.5937092,0.1432229,1
68-2,0.84561,64.61,1.97,0.064565,11.075,BRSP,68-2-1,68-2,68,2,1,2005,401225.3,817556.8,2,0.422805,0.8608442,0.1147807,1
741-1,1.3624,52.85,2.96,0.27758,6.6872,BRSP,741-1-1,741-1,741,1,1,2006,287298.3,920305.1,3,0.4541334,0.7893644,0.2515544,1
517-0,1.1939,43.18,3.95,0.37663,3.7846,BRSP,517-0-1,517-0,517,0,1,2005,373056.2,831686.9,4,0.298475,1.209069,0.0586807,1
73-1,0.57491,60.69,1.97,0.050155,6.59,BRSP,73-1-1,73-1,73,1,1,2005,467822.7,1102229,2,0.287455,1.246689,0.0854048,1
851-0,0.39591,55.27,1.97,0.041791,3.7507,BRSP,851-0-1,851-0,851,0,1,2006,485471.8,962424.9,2,0.197955,1.619716,0.0721572,1
760-1,0.98512,41.52,3.95,0.32375,2.9976,BRSP,760-1-1,760-1,760,1,1,2006,525878.8,870803.9,4,0.24628,1.401286,0.0802453,1
514-0,1.4964,38.64,4.94,0.57144,3.9185,BRSP,514-0-1,514-0,514,0,1,2005,366306.4,822866.9,5,0.29928,1.206376,0.0628455,1
516-0,1.9016,35.63,5.92,0.81396,4.4426,BRSP,516-0-1,516-0,516,0,1,2005,359376.6,847167.1,6,0.3169333,1.149064,0.1633275,1
800-0,0.89412,49.93,2.96,0.19706,4.0568,BRSP,800-0-1,800-0,800,0,1,2006,389445.1,896904.6,3,0.29804,1.210528,0.0644987,1
406-0,1.9154,40.06,4.94,0.70784,5.1833,BRSP,406-0-1,406-0,406,0,1,2005,307808.2,877857.6,5,0.38308,0.9595114,0.0682291,1
221-1,1.218,52.11,2.96,0.25312,5.8604,BRSP,221-1-1,221-1,221,1,1,2005,522901,1010968,3,0.406,0.9014021,0.0715102,1
45-2,0.50137,59.02,1.97,0.046356,5.4227,BRSP,45-2-1,45-2,45,2,1,2005,358746.6,858777.3,2,0.250685,1.383558,0.0645861,1
42-1,2.7096,37.3,5.92,1.1173,6.5715,BRSP,42-1-1,42-1,42,1,1,2005,298718.5,879747.6,6,0.4516,0.7949585,0.0827057,1
731-2,0.72212,47.69,2.96,0.16922,3.0815,BRSP,731-2-1,731-2,731,2,1,2006,487811.8,960174.9,3,0.2407067,1.424176,0.0511696,1
493-0,0.25824,0,0,0,0,BRSP,493-0-1,493-0,493,0,1,2005,401585.3,803696.6,1,0.25824,1.353866,0.1561609,1
803-0,0.76787,38.71,3.95,0.27069,2.1782,BRSP,803-0-1,803-0,803,0,1,2006,470802.3,943434.8,4,0.1919675,1.650429,0.0724353,1
