SiteID,CovariatesID,Value
1,asage_1km,0.108
2,asage_1km,0
3,asage_1km,0.003
4,asage_1km,0.569
5,asage_1km,0.684
6,asage_1km,0.217
7,asage_1km,0.002
8,asage_1km,0.717
9,asage_1km,0.324
10,asage_1km,0.873
11,asage_1km,0.003
12,asage_1km,0.485
13,asage_1km,0.481
14,asage_1km,0.08
15,asage_1km,0.686
16,asage_1km,0.552
17,asage_1km,0.614
18,asage_1km,0
19,asage_1km,0.168
20,asage_1km,0.363
21,asage_1km,0.056
22,asage_1km,0.91
23,asage_1km,0.35
24,asage_1km,0.105
25,asage_1km,0.844
26,asage_1km,0.005
27,asage_1km,0.012
28,asage_1km,0.068
29,asage_1km,0.793
30,asage_1km,0.125
31,asage_1km,0.372
32,asage_1km,0.198
33,asage_1km,0.251
34,asage_1km,0.001
35,asage_1km,0.518
36,asage_1km,0.038
37,asage_1km,0
38,asage_1km,0.215
39,asage_1km,0.021
40,asage_1km,0.21
41,asage_1km,0.009
42,asage_1km,0.247
43,asage_1km,0.923
44,asage_1km,0.519
45,asage_1km,0.581
46,asage_1km,0
47,asage_1km,0.859
48,asage_1km,0.032
49,asage_1km,0.058
50,asage_1km,0.178
51,asage_1km,0.008
52,asage_1km,0.041
53,asage_1km,0.908
54,asage_1km,0.011
55,asage_1km,0.795
56,asage_1km,0.491
57,asage_1km,0.516
58,asage_1km,0.166
59,asage_1km,0.288
60,asage_1km,0.156
61,asage_1km,0.406
62,asage_1km,0.195
63,asage_1km,0.958
64,asage_1km,0.438
65,asage_1km,0.095
66,asage_1km,0.599
67,asage_1km,0.011
68,asage_1km,0.068
69,asage_1km,0.383
70,asage_1km,0.028
71,asage_1km,0.619
72,asage_1km,0.938
73,asage_1km,0.018
74,asage_1km,0.441
75,asage_1km,0.144
76,asage_1km,0.008
77,asage_1km,0
78,asage_1km,0.139
79,asage_1km,0.723
80,asage_1km,0
81,asage_1km,0.009
82,asage_1km,0.695
83,asage_1km,0.092
84,asage_1km,0.139
85,asage_1km,0.207
86,asage_1km,0.365
87,asage_1km,0.337
88,asage_1km,0.078
89,asage_1km,0.078
90,asage_1km,0.81
91,asage_1km,0.45
92,asage_1km,0.888
93,asage_1km,0.008
94,asage_1km,0.802
95,asage_1km,0.528
96,asage_1km,0.304
97,asage_1km,0.947
98,asage_1km,0.918
99,asage_1km,0.009
100,asage_1km,0
101,asage_1km,0.004
102,asage_1km,0.44
103,asage_1km,0.011
104,asage_1km,0.282
105,asage_1km,0.987
106,asage_1km,0.017
107,asage_1km,0.782
108,asage_1km,0.033
109,asage_1km,0.319
110,asage_1km,0.151
111,asage_1km,0
112,asage_1km,0.562
113,asage_1km,0.987
114,asage_1km,0.306
115,asage_1km,0.752
116,asage_1km,0.796
117,asage_1km,0.185
118,asage_1km,0.692
119,asage_1km,0.484
120,asage_1km,0.059
121,asage_1km,0.94
122,asage_1km,0.629
123,asage_1km,0
124,asage_1km,0.772
125,asage_1km,0.515
126,asage_1km,0.794
127,asage_1km,0.216
128,asage_1km,0.462
129,asage_1km,0.011
130,asage_1km,0.318
131,asage_1km,0.46
132,asage_1km,0.216
133,asage_1km,0.541
134,asage_1km,0.601
135,asage_1km,0.003
136,asage_1km,0.652
137,asage_1km,0.005
138,asage_1km,0.008
139,asage_1km,0.182
140,asage_1km,0.1
141,asage_1km,0.993
142,asage_1km,0.004
143,asage_1km,0.24
144,asage_1km,0.839
145,asage_1km,0.758
146,asage_1km,0.159
147,asage_1km,0
148,asage_1km,0.083
149,asage_1km,0.003
150,asage_1km,0.005
151,asage_1km,0.223
152,asage_1km,0.822
153,asage_1km,0.005
154,asage_1km,0.966
155,asage_1km,0.729
156,asage_1km,0.934
157,asage_1km,0
158,asage_1km,0.419
159,asage_1km,0.65
160,asage_1km,0.39
161,asage_1km,0.568
162,asage_1km,0.131
163,asage_1km,0.745
164,asage_1km,0.278
165,asage_1km,0.367
166,asage_1km,0.015
167,asage_1km,0
168,asage_1km,0.426
169,asage_1km,0
170,asage_1km,0.95
171,asage_1km,0.156
172,asage_1km,0.051
173,asage_1km,0.101
174,asage_1km,0.092
175,asage_1km,0.544
176,asage_1km,0.052
177,asage_1km,0.174
178,asage_1km,0.607
179,asage_1km,0.088
180,asage_1km,0
181,asage_1km,0.251
182,asage_1km,0.86
183,asage_1km,0.861
184,asage_1km,0
185,asage_1km,0.192
186,asage_1km,0.005
187,asage_1km,0.282
188,asage_1km,0.507
189,asage_1km,0.038
190,asage_1km,0.137
191,asage_1km,0.02
192,asage_1km,0.162
193,asage_1km,0.314
194,asage_1km,0.76
195,asage_1km,0.005
196,asage_1km,0.021
197,asage_1km,0.146
198,asage_1km,0.431
199,asage_1km,0.95
200,asage_1km,0.666
201,asage_1km,0.086
202,asage_1km,0.001
203,asage_1km,0.879
204,asage_1km,0.123
205,asage_1km,0.442
206,asage_1km,0.563
207,asage_1km,0.501
208,asage_1km,0.013
209,asage_1km,0.285
210,asage_1km,0.792
211,asage_1km,0.13
212,asage_1km,0.483
213,asage_1km,0.633
214,asage_1km,0.135
215,asage_1km,0.072
216,asage_1km,0.804
217,asage_1km,0.03
218,asage_1km,0.711
219,asage_1km,0.083
220,asage_1km,0.562
221,asage_1km,0.788
222,asage_1km,0.741
223,asage_1km,0.323
224,asage_1km,0.749
225,asage_1km,0.691
226,asage_1km,0
227,asage_1km,0.857
228,asage_1km,0.149
229,asage_1km,0.696
230,asage_1km,0.189
1,bio1,6.353
2,bio1,0.211
3,bio1,-0.469
4,bio1,5.579
5,bio1,2.08
6,bio1,0.256
7,bio1,10.74
8,bio1,7.933
9,bio1,5.822
10,bio1,5.804
11,bio1,-0.048
12,bio1,6.28
13,bio1,2.381
14,bio1,2.814
15,bio1,2.945
16,bio1,0.788
17,bio1,5.504
18,bio1,3.342
19,bio1,2.082
20,bio1,0.576
21,bio1,5.737
22,bio1,3.587
23,bio1,4.708
24,bio1,5.995
25,bio1,5.062
26,bio1,10.371
27,bio1,3.794
28,bio1,4.493
29,bio1,5.632
30,bio1,7.746
31,bio1,-0.572
32,bio1,2.308
33,bio1,4.239
34,bio1,1.144
35,bio1,9.368
36,bio1,4.111
37,bio1,11.188
38,bio1,7.135
39,bio1,3.812
40,bio1,6.799
41,bio1,-0.961
42,bio1,7.175
43,bio1,4.587
44,bio1,6.781
45,bio1,2.53
46,bio1,-0.698
47,bio1,5.405
48,bio1,6.485
49,bio1,-0.335
50,bio1,1.847
51,bio1,5.205
52,bio1,7.543
53,bio1,5.967
54,bio1,6.647
55,bio1,9.547
56,bio1,5.901
57,bio1,2.843
58,bio1,6.984
59,bio1,3.919
60,bio1,6.874
61,bio1,3.591
62,bio1,3.758
63,bio1,5.186
64,bio1,5.625
65,bio1,7.242
66,bio1,4.68
67,bio1,4.296
68,bio1,6.247
69,bio1,6.301
70,bio1,3.919
71,bio1,2.192
72,bio1,2.807
73,bio1,1.892
74,bio1,1.454
75,bio1,2.304
76,bio1,1.058
77,bio1,2.801
78,bio1,7.915
79,bio1,2.97
80,bio1,9.427
81,bio1,6.052
82,bio1,0.271
83,bio1,1.026
84,bio1,7.442
85,bio1,2.75
86,bio1,7.851
87,bio1,7.229
88,bio1,3.98
89,bio1,8.398
90,bio1,6.621
91,bio1,5.693
92,bio1,-0.514
93,bio1,7.489
94,bio1,5.344
95,bio1,6.152
96,bio1,6.957
97,bio1,6.909
98,bio1,3.774
99,bio1,5.097
100,bio1,9.621
101,bio1,4.908
102,bio1,6.174
103,bio1,1.09
104,bio1,3.043
105,bio1,3.031
106,bio1,9.02
107,bio1,10.646
108,bio1,6.155
109,bio1,6.15
110,bio1,4.513
111,bio1,2.017
112,bio1,8.27
113,bio1,4.805
114,bio1,3.543
115,bio1,4.554
116,bio1,1.816
117,bio1,0.911
118,bio1,3.148
119,bio1,3.725
120,bio1,8.65
121,bio1,5.283
122,bio1,6.406
123,bio1,9.066
124,bio1,6.711
125,bio1,2.255
126,bio1,5.126
127,bio1,4.739
128,bio1,4.381
129,bio1,8.822
130,bio1,6.611
131,bio1,2.683
132,bio1,4.324
133,bio1,4.653
134,bio1,4.482
135,bio1,-0.771
136,bio1,5.629
137,bio1,4.662
138,bio1,2.047
139,bio1,8.964
140,bio1,5.51
141,bio1,2.145
142,bio1,9.732
143,bio1,9.05
144,bio1,9.74
145,bio1,3.788
146,bio1,8.797
147,bio1,9.153
148,bio1,3.569
149,bio1,3.173
150,bio1,-0.369
151,bio1,7.632
152,bio1,3.519
153,bio1,1.136
154,bio1,2.344
155,bio1,4.057
156,bio1,5.566
157,bio1,0.679
158,bio1,1.691
159,bio1,6.653
160,bio1,5.781
161,bio1,4.098
162,bio1,3.988
163,bio1,7.319
164,bio1,8.6
165,bio1,5.394
166,bio1,6.98
167,bio1,1.261
168,bio1,2.843
169,bio1,10.652
170,bio1,4.252
171,bio1,9.581
172,bio1,8.354
173,bio1,3.773
174,bio1,3.452
175,bio1,5.363
176,bio1,1.239
177,bio1,6.335
178,bio1,7.227
179,bio1,1.457
180,bio1,10.698
181,bio1,6.132
182,bio1,4.939
183,bio1,6.839
184,bio1,0.5
185,bio1,6.483
186,bio1,6.698
187,bio1,5.985
188,bio1,3.66
189,bio1,7.236
190,bio1,3.841
191,bio1,-0.068
192,bio1,6.902
193,bio1,0.481
194,bio1,8.522
195,bio1,4.061
196,bio1,3.392
197,bio1,6.593
198,bio1,6.569
199,bio1,6.313
200,bio1,2.941
201,bio1,6.328
202,bio1,3.382
203,bio1,5.714
204,bio1,7.322
205,bio1,4.412
206,bio1,2.023
207,bio1,5.479
208,bio1,-1.402
209,bio1,6.73
210,bio1,6.617
211,bio1,1.665
212,bio1,2.336
213,bio1,3.609
214,bio1,1.103
215,bio1,5.564
216,bio1,2.826
217,bio1,0.969
218,bio1,5.871
219,bio1,3.729
220,bio1,1.739
221,bio1,4.415
222,bio1,9.197
223,bio1,4.425
224,bio1,8.581
225,bio1,2.746
226,bio1,7.754
227,bio1,1.357
228,bio1,6.876
229,bio1,6.11
230,bio1,7.904
1,bio12,497.128
2,bio12,618.63
3,bio12,1052.205
4,bio12,365.384
5,bio12,484.542
6,bio12,956.846
7,bio12,432.677
8,bio12,193.169
9,bio12,186.226
10,bio12,152.189
11,bio12,688.905
12,bio12,206.296
13,bio12,410.236
14,bio12,732.096
15,bio12,465.2
16,bio12,518.259
17,bio12,188.171
18,bio12,626.229
19,bio12,289.538
20,bio12,856.907
21,bio12,557.182
22,bio12,478.189
23,bio12,419.102
24,bio12,309.32
25,bio12,238.446
26,bio12,370.459
27,bio12,284.771
28,bio12,902.075
29,bio12,250.168
30,bio12,347.55
31,bio12,733.653
32,bio12,745.23
33,bio12,894.415
34,bio12,829.368
35,bio12,300.818
36,bio12,459.435
37,bio12,322.148
38,bio12,337.061
39,bio12,563.848
40,bio12,266.348
41,bio12,710.012
42,bio12,277.056
43,bio12,338.562
44,bio12,209.927
45,bio12,365.844
46,bio12,836.854
47,bio12,421.303
48,bio12,197.769
49,bio12,746.814
50,bio12,482.21
51,bio12,431.67
52,bio12,304.133
53,bio12,230.87
54,bio12,238.466
55,bio12,268.913
56,bio12,238.666
57,bio12,155.708
58,bio12,357.45
59,bio12,165.866
60,bio12,459.876
61,bio12,153.169
62,bio12,594.014
63,bio12,173.339
64,bio12,379.084
65,bio12,348.485
66,bio12,431.256
67,bio12,821.611
68,bio12,156.29
69,bio12,337.541
70,bio12,384.247
71,bio12,384.039
72,bio12,421.143
73,bio12,674.651
74,bio12,434.991
75,bio12,479.481
76,bio12,485.461
77,bio12,1101.757
78,bio12,289.846
79,bio12,455.987
80,bio12,339.361
81,bio12,260.553
82,bio12,513.77
83,bio12,774.905
84,bio12,267.606
85,bio12,540.608
86,bio12,301.409
87,bio12,309.477
88,bio12,568.63
89,bio12,354.023
90,bio12,275.482
91,bio12,309.372
92,bio12,506.696
93,bio12,473.884
94,bio12,228.067
95,bio12,332.504
96,bio12,257.846
97,bio12,213.254
98,bio12,396.706
99,bio12,440.767
100,bio12,329.349
101,bio12,644.616
102,bio12,186.201
103,bio12,852.772
104,bio12,595.976
105,bio12,277.474
106,bio12,479.623
107,bio12,423.526
108,bio12,513.88
109,bio12,405.676
110,bio12,365.964
111,bio12,692.095
112,bio12,281.422
113,bio12,329.44
114,bio12,517.364
115,bio12,204.526
116,bio12,322.806
117,bio12,522.737
118,bio12,499.331
119,bio12,581.42
120,bio12,156.237
121,bio12,397.499
122,bio12,336.173
123,bio12,329.213
124,bio12,180.006
125,bio12,304.465
126,bio12,262.528
127,bio12,332.11
128,bio12,455.442
129,bio12,425.04
130,bio12,669.678
131,bio12,610.919
132,bio12,699.009
133,bio12,581.118
134,bio12,203.504
135,bio12,676.168
136,bio12,207.039
137,bio12,422.154
138,bio12,803.56
139,bio12,321.637
140,bio12,451.154
141,bio12,476.202
142,bio12,336.135
143,bio12,252.03
144,bio12,337.244
145,bio12,474.287
146,bio12,445.468
147,bio12,325.868
148,bio12,659.825
149,bio12,480.245
150,bio12,1251.817
151,bio12,316.189
152,bio12,267.735
153,bio12,633.836
154,bio12,410.521
155,bio12,317.257
156,bio12,253.866
157,bio12,645.306
158,bio12,162.05
159,bio12,414.99
160,bio12,276.189
161,bio12,665.955
162,bio12,548.45
163,bio12,220.783
164,bio12,200.91
165,bio12,395.023
166,bio12,155.608
167,bio12,780.55
168,bio12,566.577
169,bio12,350.73
170,bio12,251.342
171,bio12,487.173
172,bio12,380.954
173,bio12,552.067
174,bio12,513.782
175,bio12,466.082
176,bio12,668.816
177,bio12,167.118
178,bio12,245.216
179,bio12,594.626
180,bio12,368.233
181,bio12,204.945
182,bio12,429.613
183,bio12,197.072
184,bio12,824.13
185,bio12,535.499
186,bio12,366.912
187,bio12,315.228
188,bio12,339.704
189,bio12,170.146
190,bio12,499.679
191,bio12,763.94
192,bio12,657.412
193,bio12,863.581
194,bio12,296.311
195,bio12,656.34
196,bio12,734.747
197,bio12,475.01
198,bio12,283.281
199,bio12,232.476
200,bio12,611.161
201,bio12,422.649
202,bio12,1179.833
203,bio12,313.822
204,bio12,208.601
205,bio12,361.316
206,bio12,276.563
207,bio12,442.036
208,bio12,633.197
209,bio12,331.094
210,bio12,259.595
211,bio12,690.094
212,bio12,636.744
213,bio12,434.504
214,bio12,689.773
215,bio12,610.875
216,bio12,220.728
217,bio12,856.773
218,bio12,295.303
219,bio12,529.462
220,bio12,856.398
221,bio12,387.132
222,bio12,192.717
223,bio12,172.619
224,bio12,261.615
225,bio12,297.762
226,bio12,339.645
227,bio12,373.235
228,bio12,157.075
229,bio12,418.314
230,bio12,335.455
1,bio13,63.853
2,bio13,70.46
3,bio13,139.493
4,bio13,65.043
5,bio13,59.525
6,bio13,108.603
7,bio13,58.934
8,bio13,33.369
9,bio13,30.149
10,bio13,23.363
11,bio13,79.851
12,bio13,31.384
13,bio13,61.323
14,bio13,99.045
15,bio13,72.298
16,bio13,69.23
17,bio13,26.105
18,bio13,90.505
19,bio13,39.002
20,bio13,108.032
21,bio13,67.257
22,bio13,67.908
23,bio13,57.884
24,bio13,48.509
25,bio13,39.823
26,bio13,58.891
27,bio13,42.11
28,bio13,111.537
29,bio13,40.785
30,bio13,67.945
31,bio13,103.157
32,bio13,104.95
33,bio13,140.019
34,bio13,118.422
35,bio13,56.556
36,bio13,67.289
37,bio13,53.76
38,bio13,52.031
39,bio13,73.736
40,bio13,46.377
41,bio13,98.812
42,bio13,46.036
43,bio13,52.482
44,bio13,28.175
45,bio13,57.639
46,bio13,103.226
47,bio13,58.187
48,bio13,36.28
49,bio13,84.382
50,bio13,54.548
51,bio13,67.863
52,bio13,55.684
53,bio13,43.667
54,bio13,48.865
55,bio13,41.961
56,bio13,39.119
57,bio13,22.294
58,bio13,58.551
59,bio13,22.617
60,bio13,57.313
61,bio13,20.807
62,bio13,78.282
63,bio13,25.16
64,bio13,58.679
65,bio13,64.39
66,bio13,67.683
67,bio13,93.792
68,bio13,29.218
69,bio13,50.892
70,bio13,64.765
71,bio13,56.981
72,bio13,59.246
73,bio13,79.94
74,bio13,65.572
75,bio13,65.101
76,bio13,71.431
77,bio13,153.002
78,bio13,48.805
79,bio13,69.656
80,bio13,53.258
81,bio13,35.099
82,bio13,72.14
83,bio13,86.042
84,bio13,40.968
85,bio13,61.647
86,bio13,55.087
87,bio13,38.054
88,bio13,75.395
89,bio13,52.328
90,bio13,39.794
91,bio13,43.17
92,bio13,62.24
93,bio13,66.573
94,bio13,38.832
95,bio13,57.038
96,bio13,41.894
97,bio13,37.599
98,bio13,56.95
99,bio13,56.186
100,bio13,58.403
101,bio13,83.185
102,bio13,25.872
103,bio13,122.259
104,bio13,70.479
105,bio13,37.141
106,bio13,71.117
107,bio13,59.847
108,bio13,70.322
109,bio13,47.175
110,bio13,58.298
111,bio13,88.418
112,bio13,54.941
113,bio13,50.161
114,bio13,74.634
115,bio13,35.888
116,bio13,44.788
117,bio13,67.358
118,bio13,74.305
119,bio13,73.116
120,bio13,27.487
121,bio13,50.183
122,bio13,40.578
123,bio13,46.56
124,bio13,26.823
125,bio13,51.591
126,bio13,42.192
127,bio13,58.786
128,bio13,62.251
129,bio13,56.856
130,bio13,93.152
131,bio13,85.698
132,bio13,103.3
133,bio13,83.786
134,bio13,27.193
135,bio13,89.957
136,bio13,43.377
137,bio13,49.878
138,bio13,94.184
139,bio13,38.962
140,bio13,76.12
141,bio13,62.767
142,bio13,47.424
143,bio13,39.781
144,bio13,49.683
145,bio13,66.961
146,bio13,62.636
147,bio13,54.422
148,bio13,78.407
149,bio13,70.237
150,bio13,176.077
151,bio13,46.724
152,bio13,47.509
153,bio13,78.461
154,bio13,61.558
155,bio13,47.563
156,bio13,38.591
157,bio13,77.122
158,bio13,25.391
159,bio13,59.298
160,bio13,46.838
161,bio13,86.928
162,bio13,63.24
163,bio13,33.395
164,bio13,32.615
165,bio13,48.775
166,bio13,27.462
167,bio13,101.624
168,bio13,66.262
169,bio13,54.775
170,bio13,40.387
171,bio13,70.209
172,bio13,56.93
173,bio13,95.187
174,bio13,74.486
175,bio13,63.776
176,bio13,81.084
177,bio13,30.103
178,bio13,40.712
179,bio13,82.274
180,bio13,68.167
181,bio13,35.195
182,bio13,68.898
183,bio13,33.792
184,bio13,92.23
185,bio13,70.836
186,bio13,73.748
187,bio13,53.093
188,bio13,41.089
189,bio13,31.563
190,bio13,64.962
191,bio13,98.619
192,bio13,91.099
193,bio13,134.75
194,bio13,34.007
195,bio13,86.728
196,bio13,89.264
197,bio13,60.102
198,bio13,44.699
199,bio13,49.354
200,bio13,80.467
201,bio13,51.309
202,bio13,156.603
203,bio13,40.055
204,bio13,29.415
205,bio13,49.544
206,bio13,35.679
207,bio13,50.442
208,bio13,79.584
209,bio13,60.376
210,bio13,32.67
211,bio13,80.173
212,bio13,89.428
213,bio13,68.109
214,bio13,80.526
215,bio13,81.991
216,bio13,37.727
217,bio13,108.138
218,bio13,49.939
219,bio13,77.2
220,bio13,104.841
221,bio13,56.657
222,bio13,33.321
223,bio13,30.151
224,bio13,36.37
225,bio13,43.679
226,bio13,58.167
227,bio13,53.753
228,bio13,27.91
229,bio13,48.215
230,bio13,44.9
1,bio5,29.421
2,bio5,21.699
3,bio5,21.639
4,bio5,28.084
5,bio5,26.109
6,bio5,23.822
7,bio5,34.195
8,bio5,33.081
9,bio5,30.734
10,bio5,30.464
11,bio5,22.977
12,bio5,30.562
13,bio5,26.99
14,bio5,27.026
15,bio5,27.57
16,bio5,25.288
17,bio5,29.584
18,bio5,26.853
19,bio5,26.943
20,bio5,23.454
21,bio5,28.895
22,bio5,27.61
23,bio5,29.172
24,bio5,31.747
25,bio5,29.998
26,bio5,34.342
27,bio5,29
28,bio5,27.687
29,bio5,30.167
30,bio5,31.262
31,bio5,24.392
32,bio5,26.902
33,bio5,28.829
34,bio5,25.754
35,bio5,33.44
36,bio5,28.219
37,bio5,34.425
38,bio5,30.084
39,bio5,27.617
40,bio5,31.938
41,bio5,19.495
42,bio5,31.043
43,bio5,28.485
44,bio5,30.635
45,bio5,25.305
46,bio5,21.279
47,bio5,30.243
48,bio5,30.919
49,bio5,24.08
50,bio5,25.117
51,bio5,27.691
52,bio5,32.534
53,bio5,29.919
54,bio5,29.991
55,bio5,32.074
56,bio5,30.419
57,bio5,27.396
58,bio5,30.317
59,bio5,28.659
60,bio5,30.9
61,bio5,29.03
62,bio5,26.979
63,bio5,29.628
64,bio5,30.487
65,bio5,32.093
66,bio5,27.819
67,bio5,26.564
68,bio5,30.777
69,bio5,30.807
70,bio5,28.466
71,bio5,25.915
72,bio5,28.053
73,bio5,24.587
74,bio5,24.532
75,bio5,26.694
76,bio5,24.23
77,bio5,25.83
78,bio5,32.323
79,bio5,27.007
80,bio5,31.945
81,bio5,27.995
82,bio5,25.292
83,bio5,24.975
84,bio5,31.537
85,bio5,26.591
86,bio5,31.384
87,bio5,31.916
88,bio5,24.575
89,bio5,32.353
90,bio5,31.291
91,bio5,28.973
92,bio5,23.055
93,bio5,28.876
94,bio5,28.698
95,bio5,29.476
96,bio5,31.637
97,bio5,30.287
98,bio5,27.98
99,bio5,28.266
100,bio5,34.123
101,bio5,25.63
102,bio5,30.293
103,bio5,25.689
104,bio5,25.665
105,bio5,27.272
106,bio5,30.659
107,bio5,34.366
108,bio5,30.497
109,bio5,29.628
110,bio5,28.98
111,bio5,25.181
112,bio5,32.046
113,bio5,28.553
114,bio5,26.901
115,bio5,29.175
116,bio5,26.484
117,bio5,26.066
118,bio5,27.036
119,bio5,28.417
120,bio5,34.885
121,bio5,30.21
122,bio5,31.317
123,bio5,34.242
124,bio5,30.668
125,bio5,26.878
126,bio5,29.671
127,bio5,27.92
128,bio5,28.967
129,bio5,33.46
130,bio5,30.76
131,bio5,25.773
132,bio5,28.191
133,bio5,29.307
134,bio5,28.105
135,bio5,20.255
136,bio5,29.183
137,bio5,27.645
138,bio5,25.689
139,bio5,32.983
140,bio5,27.266
141,bio5,25.852
142,bio5,33.421
143,bio5,33.089
144,bio5,33.422
145,bio5,27.791
146,bio5,33.077
147,bio5,32.152
148,bio5,28.245
149,bio5,27.598
150,bio5,23.605
151,bio5,30.124
152,bio5,26.348
153,bio5,25.408
154,bio5,27.118
155,bio5,27.504
156,bio5,29.826
157,bio5,24.096
158,bio5,27.516
159,bio5,31.001
160,bio5,29.881
161,bio5,28.48
162,bio5,28.07
163,bio5,31.451
164,bio5,34.993
165,bio5,30.025
166,bio5,32.736
167,bio5,24.36
168,bio5,25.827
169,bio5,32.452
170,bio5,28.708
171,bio5,33.186
172,bio5,31.489
173,bio5,26.329
174,bio5,27.62
175,bio5,29.998
176,bio5,25.226
177,bio5,31.304
178,bio5,29.15
179,bio5,24.273
180,bio5,33.216
181,bio5,30.996
182,bio5,27.743
183,bio5,32.176
184,bio5,24.348
185,bio5,30.742
186,bio5,29.25
187,bio5,31.132
188,bio5,26.732
189,bio5,32.887
190,bio5,28.195
191,bio5,23.949
192,bio5,31.052
193,bio5,25.413
194,bio5,32.882
195,bio5,28.341
196,bio5,27.247
197,bio5,27.452
198,bio5,30.452
199,bio5,30.484
200,bio5,26.864
201,bio5,30.91
202,bio5,26.508
203,bio5,30.827
204,bio5,31.865
205,bio5,27.468
206,bio5,26.942
207,bio5,30.016
208,bio5,20.145
209,bio5,32.294
210,bio5,29.615
211,bio5,25.596
212,bio5,27.593
213,bio5,27.374
214,bio5,24.722
215,bio5,28.615
216,bio5,27.961
217,bio5,23.651
218,bio5,30.729
219,bio5,27.685
220,bio5,25.099
221,bio5,27.305
222,bio5,34.522
223,bio5,29.07
224,bio5,33.363
225,bio5,25.673
226,bio5,30.239
227,bio5,24.623
228,bio5,32.843
229,bio5,30.575
230,bio5,31.876
1,bio6,-10.15
2,bio6,-17.707
3,bio6,-17.604
4,bio6,-10.583
5,bio6,-18.035
6,bio6,-18.589
7,bio6,-6.747
8,bio6,-12.956
9,bio6,-11.904
10,bio6,-11.944
11,bio6,-18.612
12,bio6,-10.124
13,bio6,-16.25
14,bio6,-14.629
15,bio6,-15.861
16,bio6,-18.034
17,bio6,-13.157
18,bio6,-12.328
19,bio6,-17.501
20,bio6,-15.687
21,bio6,-9.057
22,bio6,-13.605
23,bio6,-13.227
24,bio6,-14.712
25,bio6,-13.718
26,bio6,-7.51
27,bio6,-16.947
28,bio6,-10.332
29,bio6,-12.171
30,bio6,-9.201
31,bio6,-20.449
32,bio6,-15.976
33,bio6,-14.146
34,bio6,-18.228
35,bio6,-9.378
36,bio6,-13.148
37,bio6,-7.538
38,bio6,-8.143
39,bio6,-14.594
40,bio6,-11.369
41,bio6,-17.15
42,bio6,-9.343
43,bio6,-13.931
44,bio6,-11.546
45,bio6,-14.347
46,bio6,-18.028
47,bio6,-13.903
48,bio6,-12.837
49,bio6,-19.331
50,bio6,-17.622
51,bio6,-10.342
52,bio6,-11.681
53,bio6,-11.645
54,bio6,-9.887
55,bio6,-7.275
56,bio6,-11.91
57,bio6,-17.502
58,bio6,-8.893
59,bio6,-15.825
60,bio6,-10.254
61,bio6,-17.649
62,bio6,-12.309
63,bio6,-12.924
64,bio6,-14.478
65,bio6,-10.734
66,bio6,-11.442
67,bio6,-10.276
68,bio6,-14.503
69,bio6,-13.439
70,bio6,-15.286
71,bio6,-15.285
72,bio6,-17.88
73,bio6,-16.301
74,bio6,-15.985
75,bio6,-16.823
76,bio6,-16.859
77,bio6,-12.043
78,bio6,-10.15
79,bio6,-16.592
80,bio6,-8.445
81,bio6,-10.673
82,bio6,-19.642
83,bio6,-17.153
84,bio6,-9.476
85,bio6,-16.759
86,bio6,-10.042
87,bio6,-12.677
88,bio6,-12.289
89,bio6,-9.495
90,bio6,-10.983
91,bio6,-10.746
92,bio6,-17.953
93,bio6,-6.057
94,bio6,-12.868
95,bio6,-11.407
96,bio6,-12.564
97,bio6,-12.398
98,bio6,-14.003
99,bio6,-11.822
100,bio6,-8.686
101,bio6,-10.792
102,bio6,-11.462
103,bio6,-18.278
104,bio6,-14.902
105,bio6,-16.275
106,bio6,-7.732
107,bio6,-6.361
108,bio6,-13.087
109,bio6,-10.866
110,bio6,-12.022
111,bio6,-13.761
112,bio6,-9.664
113,bio6,-13.5
114,bio6,-12.975
115,bio6,-13.257
116,bio6,-17.752
117,bio6,-18.355
118,bio6,-14.349
119,bio6,-14.75
120,bio6,-13.968
121,bio6,-14.506
122,bio6,-13.478
123,bio6,-8.945
124,bio6,-10.51
125,bio6,-16.483
126,bio6,-12.54
127,bio6,-13.17
128,bio6,-14.068
129,bio6,-9.095
130,bio6,-11.465
131,bio6,-14.926
132,bio6,-13.728
133,bio6,-14.316
134,bio6,-14.061
135,bio6,-17.789
136,bio6,-13.064
137,bio6,-12.482
138,bio6,-13.806
139,bio6,-8.899
140,bio6,-12.333
141,bio6,-15.906
142,bio6,-7.194
143,bio6,-10.109
144,bio6,-8.226
145,bio6,-13.297
146,bio6,-9.115
147,bio6,-8.887
148,bio6,-15.806
149,bio6,-13.949
150,bio6,-19.808
151,bio6,-9.27
152,bio6,-14.214
153,bio6,-17.119
154,bio6,-17.948
155,bio6,-15.618
156,bio6,-10.919
157,bio6,-17.783
158,bio6,-20.217
159,bio6,-10.183
160,bio6,-13.25
161,bio6,-14.734
162,bio6,-14.913
163,bio6,-9.414
164,bio6,-13.209
165,bio6,-13.563
166,bio6,-15.321
167,bio6,-14.383
168,bio6,-15.3
169,bio6,-7.063
170,bio6,-12.579
171,bio6,-7.745
172,bio6,-8.467
173,bio6,-11.926
174,bio6,-13.069
175,bio6,-12.192
176,bio6,-17.22
177,bio6,-14.31
178,bio6,-9.407
179,bio6,-15.707
180,bio6,-7.681
181,bio6,-14.35
182,bio6,-13.548
183,bio6,-11.437
184,bio6,-18.34
185,bio6,-12.63
186,bio6,-9.36
187,bio6,-12.687
188,bio6,-13.558
189,bio6,-14.804
190,bio6,-15.472
191,bio6,-18.048
192,bio6,-11.182
193,bio6,-19.719
194,bio6,-10.887
195,bio6,-15.045
196,bio6,-12.413
197,bio6,-9
198,bio6,-10.129
199,bio6,-11.957
200,bio6,-14.919
201,bio6,-13.084
202,bio6,-11.095
203,bio6,-14.401
204,bio6,-10.331
205,bio6,-12.491
206,bio6,-17.733
207,bio6,-13.739
208,bio6,-19.322
209,bio6,-12.69
210,bio6,-10.98
211,bio6,-15.574
212,bio6,-17.144
213,bio6,-13.787
214,bio6,-16.468
215,bio6,-8.402
216,bio6,-17.303
217,bio6,-16.582
218,bio6,-13.093
219,bio6,-12.52
220,bio6,-16.715
221,bio6,-13.095
222,bio6,-11.799
223,bio6,-13.964
224,bio6,-11.695
225,bio6,-14.836
226,bio6,-8.746
227,bio6,-15.789
228,bio6,-15.532
229,bio6,-13.01
230,bio6,-9.857
1,cfrst_18km,0.09
2,cfrst_18km,
3,cfrst_18km,0.576
4,cfrst_18km,0.038
5,cfrst_18km,0.347
6,cfrst_18km,0.441
7,cfrst_18km,0.029
8,cfrst_18km,0.01
9,cfrst_18km,0.001
10,cfrst_18km,0
11,cfrst_18km,0.756
12,cfrst_18km,0.025
13,cfrst_18km,0.42
14,cfrst_18km,0.502
15,cfrst_18km,0.093
16,cfrst_18km,0.34
17,cfrst_18km,0
18,cfrst_18km,0.67
19,cfrst_18km,0.208
20,cfrst_18km,0.563
21,cfrst_18km,0.719
22,cfrst_18km,0.079
23,cfrst_18km,0.085
24,cfrst_18km,0.075
25,cfrst_18km,0.014
26,cfrst_18km,
27,cfrst_18km,0.014
28,cfrst_18km,0.75
29,cfrst_18km,0.01
30,cfrst_18km,0.24
31,cfrst_18km,0.366
32,cfrst_18km,0.414
33,cfrst_18km,0.161
34,cfrst_18km,0.538
35,cfrst_18km,
36,cfrst_18km,0.625
37,cfrst_18km,
38,cfrst_18km,0.357
39,cfrst_18km,0.273
40,cfrst_18km,0.003
41,cfrst_18km,0.56
42,cfrst_18km,0.055
43,cfrst_18km,0.025
44,cfrst_18km,0.003
45,cfrst_18km,0.281
46,cfrst_18km,0.64
47,cfrst_18km,0.006
48,cfrst_18km,0.009
49,cfrst_18km,0.644
50,cfrst_18km,0.654
51,cfrst_18km,0.251
52,cfrst_18km,0.011
53,cfrst_18km,0.085
54,cfrst_18km,0.007
55,cfrst_18km,
56,cfrst_18km,0.003
57,cfrst_18km,0.003
58,cfrst_18km,0.348
59,cfrst_18km,0
60,cfrst_18km,0.108
61,cfrst_18km,0.001
62,cfrst_18km,0.778
63,cfrst_18km,0.001
64,cfrst_18km,0.095
65,cfrst_18km,0.261
66,cfrst_18km,0.074
67,cfrst_18km,0.715
68,cfrst_18km,0.005
69,cfrst_18km,0.022
70,cfrst_18km,0.243
71,cfrst_18km,
72,cfrst_18km,0.009
73,cfrst_18km,0.562
74,cfrst_18km,0.566
75,cfrst_18km,0.264
76,cfrst_18km,0.67
77,cfrst_18km,0.849
78,cfrst_18km,
79,cfrst_18km,0.134
80,cfrst_18km,
81,cfrst_18km,0.005
82,cfrst_18km,0.272
83,cfrst_18km,0.61
84,cfrst_18km,0.03
85,cfrst_18km,0.398
86,cfrst_18km,
87,cfrst_18km,0.008
88,cfrst_18km,0.791
89,cfrst_18km,
90,cfrst_18km,0.034
91,cfrst_18km,0.12
92,cfrst_18km,0.409
93,cfrst_18km,
94,cfrst_18km,0.047
95,cfrst_18km,0.053
96,cfrst_18km,0.005
97,cfrst_18km,0.061
98,cfrst_18km,0.049
99,cfrst_18km,0.273
100,cfrst_18km,0.051
101,cfrst_18km,0.8
102,cfrst_18km,0.002
103,cfrst_18km,0.547
104,cfrst_18km,0.395
105,cfrst_18km,
106,cfrst_18km,0.453
107,cfrst_18km,
108,cfrst_18km,
109,cfrst_18km,0.069
110,cfrst_18km,0.374
111,cfrst_18km,0.846
112,cfrst_18km,0.042
113,cfrst_18km,0.019
114,cfrst_18km,0.509
115,cfrst_18km,0.001
116,cfrst_18km,0.215
117,cfrst_18km,0.501
118,cfrst_18km,0.168
119,cfrst_18km,0.493
120,cfrst_18km,0
121,cfrst_18km,0
122,cfrst_18km,0.055
123,cfrst_18km,
124,cfrst_18km,0.008
125,cfrst_18km,0.282
126,cfrst_18km,0.018
127,cfrst_18km,0.312
128,cfrst_18km,0.124
129,cfrst_18km,0.005
130,cfrst_18km,0.159
131,cfrst_18km,0.569
132,cfrst_18km,0.304
133,cfrst_18km,0.1
134,cfrst_18km,0.003
135,cfrst_18km,0.497
136,cfrst_18km,0.013
137,cfrst_18km,0.216
138,cfrst_18km,0.802
139,cfrst_18km,0.001
140,cfrst_18km,0.74
141,cfrst_18km,0.298
142,cfrst_18km,0.022
143,cfrst_18km,0.118
144,cfrst_18km,0
145,cfrst_18km,0.08
146,cfrst_18km,0.003
147,cfrst_18km,
148,cfrst_18km,0.427
149,cfrst_18km,0.718
150,cfrst_18km,0.534
151,cfrst_18km,
152,cfrst_18km,0.158
153,cfrst_18km,
154,cfrst_18km,0.141
155,cfrst_18km,0.245
156,cfrst_18km,0.003
157,cfrst_18km,0.546
158,cfrst_18km,0
159,cfrst_18km,0.022
160,cfrst_18km,0.095
161,cfrst_18km,0.273
162,cfrst_18km,0.326
163,cfrst_18km,0.013
164,cfrst_18km,0.017
165,cfrst_18km,0.183
166,cfrst_18km,0.003
167,cfrst_18km,0.874
168,cfrst_18km,0.318
169,cfrst_18km,0.049
170,cfrst_18km,0.034
171,cfrst_18km,0.035
172,cfrst_18km,0.002
173,cfrst_18km,0.511
174,cfrst_18km,0.758
175,cfrst_18km,0.045
176,cfrst_18km,0.572
177,cfrst_18km,0.005
178,cfrst_18km,0.089
179,cfrst_18km,0.543
180,cfrst_18km,
181,cfrst_18km,0.007
182,cfrst_18km,0.088
183,cfrst_18km,0.004
184,cfrst_18km,0.673
185,cfrst_18km,0.217
186,cfrst_18km,
187,cfrst_18km,0.011
188,cfrst_18km,0.288
189,cfrst_18km,0.002
190,cfrst_18km,0.379
191,cfrst_18km,0.823
192,cfrst_18km,0.158
193,cfrst_18km,0.48
194,cfrst_18km,0.002
195,cfrst_18km,0.31
196,cfrst_18km,
197,cfrst_18km,0.655
198,cfrst_18km,0.076
199,cfrst_18km,0.093
200,cfrst_18km,0.355
201,cfrst_18km,0.02
202,cfrst_18km,0.803
203,cfrst_18km,0.003
204,cfrst_18km,0
205,cfrst_18km,0.142
206,cfrst_18km,0.006
207,cfrst_18km,0.021
208,cfrst_18km,
209,cfrst_18km,0.025
210,cfrst_18km,0.007
211,cfrst_18km,0.447
212,cfrst_18km,0.284
213,cfrst_18km,0.136
214,cfrst_18km,0.568
215,cfrst_18km,
216,cfrst_18km,0.009
217,cfrst_18km,0.316
218,cfrst_18km,0.007
219,cfrst_18km,0.781
220,cfrst_18km,0.331
221,cfrst_18km,0.007
222,cfrst_18km,0
223,cfrst_18km,0
224,cfrst_18km,0.003
225,cfrst_18km,0.21
226,cfrst_18km,0.001
227,cfrst_18km,0.183
228,cfrst_18km,0.003
229,cfrst_18km,0.028
230,cfrst_18km,0.035
1,mix_18km,0.007
2,mix_18km,
3,mix_18km,0
4,mix_18km,0
5,mix_18km,0.002
6,mix_18km,0
7,mix_18km,0.024
8,mix_18km,0.005
9,mix_18km,0.034
10,mix_18km,0.005
11,mix_18km,0
12,mix_18km,0.013
13,mix_18km,0.001
14,mix_18km,0
15,mix_18km,0
16,mix_18km,0.001
17,mix_18km,0.004
18,mix_18km,0
19,mix_18km,0
20,mix_18km,0
21,mix_18km,0
22,mix_18km,0.008
23,mix_18km,0
24,mix_18km,0.001
25,mix_18km,0.004
26,mix_18km,
27,mix_18km,0
28,mix_18km,0
29,mix_18km,0.022
30,mix_18km,0.001
31,mix_18km,0
32,mix_18km,0
33,mix_18km,0
34,mix_18km,0
35,mix_18km,
36,mix_18km,0
37,mix_18km,
38,mix_18km,0
39,mix_18km,0
40,mix_18km,0
41,mix_18km,0
42,mix_18km,0
43,mix_18km,0
44,mix_18km,0.004
45,mix_18km,0
46,mix_18km,0
47,mix_18km,0.001
48,mix_18km,0.004
49,mix_18km,0
50,mix_18km,0
51,mix_18km,0.001
52,mix_18km,0
53,mix_18km,0
54,mix_18km,0
55,mix_18km,
56,mix_18km,0.02
57,mix_18km,0.001
58,mix_18km,0
59,mix_18km,0.003
60,mix_18km,0
61,mix_18km,0
62,mix_18km,0
63,mix_18km,0.002
64,mix_18km,0.001
65,mix_18km,0
66,mix_18km,0.002
67,mix_18km,0
68,mix_18km,0.005
69,mix_18km,0
70,mix_18km,0
71,mix_18km,
72,mix_18km,0
73,mix_18km,0
74,mix_18km,0
75,mix_18km,0.001
76,mix_18km,0.004
77,mix_18km,0
78,mix_18km,
79,mix_18km,0
80,mix_18km,
81,mix_18km,0.006
82,mix_18km,0
83,mix_18km,0
84,mix_18km,0.006
85,mix_18km,0
86,mix_18km,
87,mix_18km,0.001
88,mix_18km,0
89,mix_18km,
90,mix_18km,0.001
91,mix_18km,0.003
92,mix_18km,0
93,mix_18km,
94,mix_18km,0.001
95,mix_18km,0
96,mix_18km,0.02
97,mix_18km,0.004
98,mix_18km,0.015
99,mix_18km,0
100,mix_18km,0
101,mix_18km,0.001
102,mix_18km,0.006
103,mix_18km,0
104,mix_18km,0
105,mix_18km,
106,mix_18km,0
107,mix_18km,
108,mix_18km,
109,mix_18km,0.003
110,mix_18km,0
111,mix_18km,0
112,mix_18km,0
113,mix_18km,0
114,mix_18km,0
115,mix_18km,0.004
116,mix_18km,0
117,mix_18km,0.001
118,mix_18km,0
119,mix_18km,0
120,mix_18km,0.009
121,mix_18km,0
122,mix_18km,0.004
123,mix_18km,
124,mix_18km,0.004
125,mix_18km,0
126,mix_18km,0.017
127,mix_18km,0
128,mix_18km,0
129,mix_18km,0.002
130,mix_18km,0
131,mix_18km,0.005
132,mix_18km,0
133,mix_18km,0.002
134,mix_18km,0.005
135,mix_18km,0
136,mix_18km,0.004
137,mix_18km,0
138,mix_18km,0
139,mix_18km,0.006
140,mix_18km,0.001
141,mix_18km,0
142,mix_18km,0
143,mix_18km,0.003
144,mix_18km,0.051
145,mix_18km,0.007
146,mix_18km,0.003
147,mix_18km,
148,mix_18km,0
149,mix_18km,0
150,mix_18km,0
151,mix_18km,
152,mix_18km,0.001
153,mix_18km,
154,mix_18km,0
155,mix_18km,0.001
156,mix_18km,0.035
157,mix_18km,0
158,mix_18km,0.001
159,mix_18km,0.011
160,mix_18km,0.002
161,mix_18km,0
162,mix_18km,0
163,mix_18km,0.029
164,mix_18km,0.003
165,mix_18km,0.003
166,mix_18km,0
167,mix_18km,0
168,mix_18km,0
169,mix_18km,0
170,mix_18km,0.006
171,mix_18km,0.001
172,mix_18km,0
173,mix_18km,0.002
174,mix_18km,0
175,mix_18km,0.002
176,mix_18km,0
177,mix_18km,0.001
178,mix_18km,0.002
179,mix_18km,0
180,mix_18km,
181,mix_18km,0.029
182,mix_18km,0
183,mix_18km,0.004
184,mix_18km,0
185,mix_18km,0
186,mix_18km,
187,mix_18km,0
188,mix_18km,0
189,mix_18km,0.007
190,mix_18km,0
191,mix_18km,0
192,mix_18km,0
193,mix_18km,0
194,mix_18km,0.002
195,mix_18km,0
196,mix_18km,
197,mix_18km,0.002
198,mix_18km,0
199,mix_18km,0
200,mix_18km,0
201,mix_18km,0
202,mix_18km,0
203,mix_18km,0.004
204,mix_18km,0.14
205,mix_18km,0
206,mix_18km,0
207,mix_18km,0
208,mix_18km,
209,mix_18km,0
210,mix_18km,0.009
211,mix_18km,0.001
212,mix_18km,0.002
213,mix_18km,0
214,mix_18km,0
215,mix_18km,
216,mix_18km,0
217,mix_18km,0.019
218,mix_18km,0.009
219,mix_18km,0
220,mix_18km,0.003
221,mix_18km,0
222,mix_18km,0.003
223,mix_18km,0.004
224,mix_18km,0.002
225,mix_18km,0.034
226,mix_18km,0
227,mix_18km,0
228,mix_18km,0.002
229,mix_18km,0
230,mix_18km,0
1,ndvi_270,0.661
2,ndvi_270,0.593
3,ndvi_270,0.495
4,ndvi_270,0.422
5,ndvi_270,0.395
6,ndvi_270,0.773
7,ndvi_270,0.819
8,ndvi_270,0.245
9,ndvi_270,0.282
10,ndvi_270,0.257
11,ndvi_270,0.821
12,ndvi_270,0.242
13,ndvi_270,0.537
14,ndvi_270,0.74
15,ndvi_270,0.571
16,ndvi_270,0.539
17,ndvi_270,0.291
18,ndvi_270,0.774
19,ndvi_270,0.796
20,ndvi_270,0.568
21,ndvi_270,0.799
22,ndvi_270,0.381
23,ndvi_270,0.567
24,ndvi_270,0.359
25,ndvi_270,0.261
26,ndvi_270,0.656
27,ndvi_270,0.626
28,ndvi_270,0.635
29,ndvi_270,0.269
30,ndvi_270,0.427
31,ndvi_270,0.69
32,ndvi_270,0.775
33,ndvi_270,0.844
34,ndvi_270,0.489
35,ndvi_270,0.429
36,ndvi_270,0.556
37,ndvi_270,0.783
38,ndvi_270,0.671
39,ndvi_270,0.753
40,ndvi_270,0.327
41,ndvi_270,0.757
42,ndvi_270,0.377
43,ndvi_270,0.469
44,ndvi_270,0.178
45,ndvi_270,0.37
46,ndvi_270,0.674
47,ndvi_270,0.316
48,ndvi_270,0.588
49,ndvi_270,0.688
50,ndvi_270,0.648
51,ndvi_270,0.654
52,ndvi_270,0.652
53,ndvi_270,0.326
54,ndvi_270,0.863
55,ndvi_270,0.276
56,ndvi_270,0.25
57,ndvi_270,0.335
58,ndvi_270,0.459
59,ndvi_270,0.317
60,ndvi_270,0.79
61,ndvi_270,0.509
62,ndvi_270,0.769
63,ndvi_270,0.267
64,ndvi_270,0.518
65,ndvi_270,0.763
66,ndvi_270,0.487
67,ndvi_270,0.839
68,ndvi_270,0.814
69,ndvi_270,0.458
70,ndvi_270,0.483
71,ndvi_270,0.483
72,ndvi_270,0.337
73,ndvi_270,0.808
74,ndvi_270,0.649
75,ndvi_270,0.651
76,ndvi_270,0.664
77,ndvi_270,0.827
78,ndvi_270,0.399
79,ndvi_270,0.588
80,ndvi_270,0.424
81,ndvi_270,0.615
82,ndvi_270,0.632
83,ndvi_270,0.649
84,ndvi_270,0.401
85,ndvi_270,0.378
86,ndvi_270,0.404
87,ndvi_270,0.258
88,ndvi_270,0.647
89,ndvi_270,0.354
90,ndvi_270,0.433
91,ndvi_270,0.408
92,ndvi_270,0.595
93,ndvi_270,0.863
94,ndvi_270,0.317
95,ndvi_270,0.496
96,ndvi_270,0.342
97,ndvi_270,0.264
98,ndvi_270,0.265
99,ndvi_270,0.821
100,ndvi_270,0.838
101,ndvi_270,0.697
102,ndvi_270,0.275
103,ndvi_270,0.703
104,ndvi_270,0.793
105,ndvi_270,0.296
106,ndvi_270,0.579
107,ndvi_270,0.322
108,ndvi_270,
109,ndvi_270,0.585
110,ndvi_270,0.607
111,ndvi_270,0.779
112,ndvi_270,0.636
113,ndvi_270,0.461
114,ndvi_270,0.559
115,ndvi_270,0.251
116,ndvi_270,0.406
117,ndvi_270,0.688
118,ndvi_270,0.679
119,ndvi_270,0.53
120,ndvi_270,0.184
121,ndvi_270,0.323
122,ndvi_270,0.347
123,ndvi_270,
124,ndvi_270,0.197
125,ndvi_270,0.603
126,ndvi_270,0.307
127,ndvi_270,0.804
128,ndvi_270,0.64
129,ndvi_270,0.791
130,ndvi_270,0.635
131,ndvi_270,0.46
132,ndvi_270,0.733
133,ndvi_270,0.439
134,ndvi_270,0.249
135,ndvi_270,0.711
136,ndvi_270,0.315
137,ndvi_270,0.758
138,ndvi_270,0.755
139,ndvi_270,0.317
140,ndvi_270,0.622
141,ndvi_270,0.332
142,ndvi_270,0.35
143,ndvi_270,0.567
144,ndvi_270,0.318
145,ndvi_270,0.442
146,ndvi_270,0.52
147,ndvi_270,0.42
148,ndvi_270,0.758
149,ndvi_270,0.765
150,ndvi_270,0.31
151,ndvi_270,0.297
152,ndvi_270,0.244
153,ndvi_270,0.636
154,ndvi_270,0.512
155,ndvi_270,0.386
156,ndvi_270,0.263
157,ndvi_270,0.753
158,ndvi_270,0.211
159,ndvi_270,0.478
160,ndvi_270,0.607
161,ndvi_270,0.635
162,ndvi_270,0.735
163,ndvi_270,0.255
164,ndvi_270,0.249
165,ndvi_270,0.525
166,ndvi_270,0.221
167,ndvi_270,0.741
168,ndvi_270,0.75
169,ndvi_270,0.53
170,ndvi_270,0.291
171,ndvi_270,0.633
172,ndvi_270,0.641
173,ndvi_270,0.764
174,ndvi_270,0.733
175,ndvi_270,0.677
176,ndvi_270,0.754
177,ndvi_270,0.606
178,ndvi_270,0.375
179,ndvi_270,0.719
180,ndvi_270,0.657
181,ndvi_270,0.476
182,ndvi_270,0.442
183,ndvi_270,0.309
184,ndvi_270,0.629
185,ndvi_270,0.513
186,ndvi_270,0.58
187,ndvi_270,0.274
188,ndvi_270,0.548
189,ndvi_270,0.793
190,ndvi_270,0.68
191,ndvi_270,0.801
192,ndvi_270,0.653
193,ndvi_270,0.764
194,ndvi_270,0.374
195,ndvi_270,0.789
196,ndvi_270,0.607
197,ndvi_270,0.517
198,ndvi_270,0.36
199,ndvi_270,0.359
200,ndvi_270,0.477
201,ndvi_270,0.598
202,ndvi_270,0.764
203,ndvi_270,0.302
204,ndvi_270,0.433
205,ndvi_270,0.465
206,ndvi_270,0.305
207,ndvi_270,0.416
208,ndvi_270,0.509
209,ndvi_270,0.685
210,ndvi_270,0.223
211,ndvi_270,0.68
212,ndvi_270,0.548
213,ndvi_270,0.672
214,ndvi_270,0.694
215,ndvi_270,0.612
216,ndvi_270,0.28
217,ndvi_270,0.752
218,ndvi_270,0.3
219,ndvi_270,0.627
220,ndvi_270,0.668
221,ndvi_270,0.427
222,ndvi_270,0.381
223,ndvi_270,0.258
224,ndvi_270,0.387
225,ndvi_270,0.409
226,ndvi_270,0.426
227,ndvi_270,0.429
228,ndvi_270,0.264
229,ndvi_270,0.484
230,ndvi_270,0.387
1,rddens_18km,0.774
2,rddens_18km,0.092
3,rddens_18km,0.498
4,rddens_18km,1.034
5,rddens_18km,1.485
6,rddens_18km,1.026
7,rddens_18km,0.256
8,rddens_18km,1.655
9,rddens_18km,1.959
10,rddens_18km,1.563
11,rddens_18km,1.39
12,rddens_18km,1.996
13,rddens_18km,1.399
14,rddens_18km,1.29
15,rddens_18km,1.166
16,rddens_18km,1.322
17,rddens_18km,1.714
18,rddens_18km,1.527
19,rddens_18km,1.148
20,rddens_18km,0.413
21,rddens_18km,0.758
22,rddens_18km,1.702
23,rddens_18km,0.147
24,rddens_18km,0.983
25,rddens_18km,1.453
26,rddens_18km,0.102
27,rddens_18km,1.475
28,rddens_18km,0.248
29,rddens_18km,1.908
30,rddens_18km,0.086
31,rddens_18km,1.091
32,rddens_18km,1.175
33,rddens_18km,1.386
34,rddens_18km,0.271
35,rddens_18km,0.083
36,rddens_18km,1.759
37,rddens_18km,0.321
38,rddens_18km,1.649
39,rddens_18km,1.84
40,rddens_18km,0
41,rddens_18km,0.507
42,rddens_18km,0.397
43,rddens_18km,1.428
44,rddens_18km,0.939
45,rddens_18km,1.376
46,rddens_18km,0.494
47,rddens_18km,1.179
48,rddens_18km,1.911
49,rddens_18km,0.209
50,rddens_18km,1.666
51,rddens_18km,0.161
52,rddens_18km,0.224
53,rddens_18km,1.914
54,rddens_18km,2.04
55,rddens_18km,0.092
56,rddens_18km,1.987
57,rddens_18km,1.791
58,rddens_18km,0.697
59,rddens_18km,1.436
60,rddens_18km,1.802
61,rddens_18km,2.231
62,rddens_18km,0.105
63,rddens_18km,1.21
64,rddens_18km,1.174
65,rddens_18km,0.206
66,rddens_18km,1.28
67,rddens_18km,0.371
68,rddens_18km,1.908
69,rddens_18km,0
70,rddens_18km,0.684
71,rddens_18km,0.068
72,rddens_18km,1.535
73,rddens_18km,0.064
74,rddens_18km,0.641
75,rddens_18km,1.266
76,rddens_18km,1.736
77,rddens_18km,0.066
78,rddens_18km,0.044
79,rddens_18km,1.555
80,rddens_18km,0.144
81,rddens_18km,1.58
82,rddens_18km,1.281
83,rddens_18km,0.211
84,rddens_18km,0.354
85,rddens_18km,1.685
86,rddens_18km,0.111
87,rddens_18km,0.565
88,rddens_18km,1.997
89,rddens_18km,0.1
90,rddens_18km,0.076
91,rddens_18km,1.677
92,rddens_18km,0.548
93,rddens_18km,0.055
94,rddens_18km,1.455
95,rddens_18km,1.412
96,rddens_18km,1.426
97,rddens_18km,1.69
98,rddens_18km,1.622
99,rddens_18km,1.127
100,rddens_18km,0.118
101,rddens_18km,1.261
102,rddens_18km,1.98
103,rddens_18km,0.264
104,rddens_18km,1.119
105,rddens_18km,0
106,rddens_18km,1.624
107,rddens_18km,0
108,rddens_18km,0
109,rddens_18km,0.882
110,rddens_18km,1.36
111,rddens_18km,0.21
112,rddens_18km,0.16
113,rddens_18km,1.526
114,rddens_18km,2.091
115,rddens_18km,1.733
116,rddens_18km,1.326
117,rddens_18km,0.294
118,rddens_18km,1.069
119,rddens_18km,0.636
120,rddens_18km,1.712
121,rddens_18km,1.348
122,rddens_18km,0.787
123,rddens_18km,0.09
124,rddens_18km,1.824
125,rddens_18km,0.107
126,rddens_18km,1.696
127,rddens_18km,1.377
128,rddens_18km,0.541
129,rddens_18km,1.739
130,rddens_18km,1.799
131,rddens_18km,1.307
132,rddens_18km,1.089
133,rddens_18km,1.136
134,rddens_18km,1.453
135,rddens_18km,0.141
136,rddens_18km,1.358
137,rddens_18km,0.603
138,rddens_18km,0
139,rddens_18km,0.136
140,rddens_18km,1.082
141,rddens_18km,1.258
142,rddens_18km,0.219
143,rddens_18km,1.605
144,rddens_18km,0.175
145,rddens_18km,1.742
146,rddens_18km,0.552
147,rddens_18km,0.043
148,rddens_18km,0.851
149,rddens_18km,2.186
150,rddens_18km,0.167
151,rddens_18km,0.064
152,rddens_18km,0.813
153,rddens_18km,0.208
154,rddens_18km,1.503
155,rddens_18km,1.677
156,rddens_18km,1.742
157,rddens_18km,1.094
158,rddens_18km,1.814
159,rddens_18km,1.115
160,rddens_18km,1.247
161,rddens_18km,1.323
162,rddens_18km,1.936
163,rddens_18km,1.207
164,rddens_18km,1.597
165,rddens_18km,1.269
166,rddens_18km,1.463
167,rddens_18km,0.368
168,rddens_18km,1.034
169,rddens_18km,0.639
170,rddens_18km,2.182
171,rddens_18km,0.849
172,rddens_18km,0.221
173,rddens_18km,1.593
174,rddens_18km,1.656
175,rddens_18km,0.609
176,rddens_18km,0.056
177,rddens_18km,2.197
178,rddens_18km,1.929
179,rddens_18km,1.548
180,rddens_18km,1.066
181,rddens_18km,2.174
182,rddens_18km,1.56
183,rddens_18km,0.284
184,rddens_18km,0.26
185,rddens_18km,0.967
186,rddens_18km,0.033
187,rddens_18km,0.183
188,rddens_18km,1.554
189,rddens_18km,1.789
190,rddens_18km,1.698
191,rddens_18km,1.081
192,rddens_18km,1.8
193,rddens_18km,0.726
194,rddens_18km,2.049
195,rddens_18km,1.358
196,rddens_18km,0
197,rddens_18km,1.397
198,rddens_18km,0.605
199,rddens_18km,1.402
200,rddens_18km,1.44
201,rddens_18km,0.074
202,rddens_18km,0.021
203,rddens_18km,1.215
204,rddens_18km,0.07
205,rddens_18km,1.745
206,rddens_18km,1.772
207,rddens_18km,1.646
208,rddens_18km,0.077
209,rddens_18km,0.093
210,rddens_18km,1.101
211,rddens_18km,0.231
212,rddens_18km,1.06
213,rddens_18km,1.171
214,rddens_18km,1.466
215,rddens_18km,0.109
216,rddens_18km,1.73
217,rddens_18km,0.202
218,rddens_18km,1.361
219,rddens_18km,1.678
220,rddens_18km,0.697
221,rddens_18km,2.103
222,rddens_18km,1.286
223,rddens_18km,0.868
224,rddens_18km,2.644
225,rddens_18km,1.325
226,rddens_18km,0.498
227,rddens_18km,1.268
228,rddens_18km,1.699
229,rddens_18km,2.232
230,rddens_18km,0.088
1,tri_18km,63.591
2,tri_18km,61.259
3,tri_18km,77.49
4,tri_18km,32.422
5,tri_18km,36.354
6,tri_18km,41.098
7,tri_18km,38.565
8,tri_18km,25.933
9,tri_18km,7.665
10,tri_18km,8.892
11,tri_18km,60.271
12,tri_18km,17.481
13,tri_18km,47.797
14,tri_18km,58.992
15,tri_18km,43.589
16,tri_18km,34.366
17,tri_18km,13.122
18,tri_18km,78.179
19,tri_18km,23.088
20,tri_18km,73.261
21,tri_18km,74.646
22,tri_18km,23.763
23,tri_18km,26.624
24,tri_18km,63.002
25,tri_18km,17.396
26,tri_18km,41.404
27,tri_18km,22.894
28,tri_18km,89.212
29,tri_18km,17.735
30,tri_18km,26.645
31,tri_18km,50.384
32,tri_18km,63.677
33,tri_18km,57.478
34,tri_18km,53.527
35,tri_18km,81.458
36,tri_18km,47.082
37,tri_18km,4.441
38,tri_18km,55.822
39,tri_18km,62.043
40,tri_18km,18.567
41,tri_18km,87.395
42,tri_18km,18.934
43,tri_18km,31.448
44,tri_18km,22.281
45,tri_18km,47.902
46,tri_18km,75.546
47,tri_18km,19.755
48,tri_18km,14.788
49,tri_18km,42.8
50,tri_18km,52.058
51,tri_18km,47.358
52,tri_18km,21.249
53,tri_18km,27.21
54,tri_18km,16.327
55,tri_18km,51.587
56,tri_18km,15.073
57,tri_18km,21.77
58,tri_18km,38.236
59,tri_18km,8.116
60,tri_18km,48.382
61,tri_18km,5.048
62,tri_18km,70.149
63,tri_18km,16.305
64,tri_18km,37.06
65,tri_18km,34.804
66,tri_18km,28.21
67,tri_18km,73.874
68,tri_18km,17.313
69,tri_18km,55.473
70,tri_18km,41.224
71,tri_18km,74.121
72,tri_18km,24.038
73,tri_18km,80.361
74,tri_18km,49.045
75,tri_18km,47.459
76,tri_18km,32.533
77,tri_18km,75.584
78,tri_18km,19.174
79,tri_18km,33.497
80,tri_18km,8.004
81,tri_18km,11.891
82,tri_18km,35.244
83,tri_18km,34.095
84,tri_18km,13.856
85,tri_18km,51.698
86,tri_18km,23.402
87,tri_18km,41.373
88,tri_18km,70.811
89,tri_18km,16.925
90,tri_18km,12.403
91,tri_18km,23.452
92,tri_18km,62.059
93,tri_18km,35.653
94,tri_18km,40.204
95,tri_18km,29.031
96,tri_18km,12.663
97,tri_18km,32.795
98,tri_18km,19.232
99,tri_18km,23.567
100,tri_18km,19.228
101,tri_18km,66.094
102,tri_18km,19.969
103,tri_18km,52.591
104,tri_18km,40.414
105,tri_18km,52.917
106,tri_18km,43.367
107,tri_18km,16.509
108,tri_18km,86.624
109,tri_18km,26.589
110,tri_18km,47.129
111,tri_18km,68.497
112,tri_18km,21.832
113,tri_18km,30.723
114,tri_18km,44.929
115,tri_18km,12.452
116,tri_18km,30.478
117,tri_18km,55.898
118,tri_18km,55.104
119,tri_18km,78.313
120,tri_18km,19.864
121,tri_18km,22.246
122,tri_18km,37.15
123,tri_18km,20.603
124,tri_18km,22.078
125,tri_18km,55.747
126,tri_18km,19.328
127,tri_18km,39.597
128,tri_18km,24.274
129,tri_18km,25.515
130,tri_18km,58.431
131,tri_18km,35.551
132,tri_18km,65.966
133,tri_18km,35.299
134,tri_18km,20.215
135,tri_18km,62.315
136,tri_18km,18.979
137,tri_18km,23.272
138,tri_18km,95.36
139,tri_18km,25.685
140,tri_18km,64.938
141,tri_18km,29.117
142,tri_18km,12.956
143,tri_18km,33.633
144,tri_18km,28.535
145,tri_18km,24.25
146,tri_18km,42.238
147,tri_18km,9.785
148,tri_18km,48.8
149,tri_18km,53.488
150,tri_18km,24.071
151,tri_18km,56.416
152,tri_18km,51.849
153,tri_18km,52.129
154,tri_18km,34.588
155,tri_18km,36.993
156,tri_18km,21.16
157,tri_18km,66.97
158,tri_18km,14.53
159,tri_18km,30.118
160,tri_18km,39.048
161,tri_18km,60.284
162,tri_18km,51.269
163,tri_18km,15.806
164,tri_18km,30.457
165,tri_18km,49.117
166,tri_18km,13.43
167,tri_18km,68.736
168,tri_18km,44.433
169,tri_18km,13.392
170,tri_18km,20.087
171,tri_18km,29.012
172,tri_18km,11.035
173,tri_18km,58.495
174,tri_18km,81.559
175,tri_18km,35.206
176,tri_18km,78.178
177,tri_18km,15.638
178,tri_18km,34.686
179,tri_18km,35.577
180,tri_18km,5.044
181,tri_18km,8.083
182,tri_18km,28.544
183,tri_18km,13.258
184,tri_18km,26.656
185,tri_18km,64.331
186,tri_18km,15.353
187,tri_18km,23.448
188,tri_18km,33.023
189,tri_18km,15.953
190,tri_18km,40.719
191,tri_18km,64.12
192,tri_18km,58.467
193,tri_18km,72.725
194,tri_18km,32.172
195,tri_18km,64.11
196,tri_18km,94.021
197,tri_18km,54.555
198,tri_18km,22.969
199,tri_18km,33.301
200,tri_18km,60.4
201,tri_18km,53.121
202,tri_18km,94.733
203,tri_18km,19.803
204,tri_18km,3.253
205,tri_18km,22.346
206,tri_18km,13.49
207,tri_18km,56.462
208,tri_18km,48.197
209,tri_18km,33.108
210,tri_18km,21.804
211,tri_18km,48.512
212,tri_18km,53.817
213,tri_18km,51.767
214,tri_18km,50.647
215,tri_18km,92.816
216,tri_18km,14.899
217,tri_18km,69.131
218,tri_18km,19.597
219,tri_18km,87.373
220,tri_18km,32.826
221,tri_18km,28.32
222,tri_18km,31.767
223,tri_18km,10.301
224,tri_18km,31.451
225,tri_18km,21.81
226,tri_18km,8.794
227,tri_18km,54.953
228,tri_18km,14.678
229,tri_18km,48.639
230,tri_18km,13.193
